INSERT INTO Receipts (Id, Timestamp, StoreName, TotalAmountPaid) VALUES
(1, '2025-04-06T09:50:44.745Z', 'Lidl', 493.66),
(2, '2025-04-12T09:50:44.745Z', 'Lidl', 486.60),
(3, '2025-04-19T09:50:44.745Z', 'Willys', 662.12),
(4, '2025-04-24T09:50:44.745Z', 'City Gross', 734.50),
(5, '2025-04-30T09:50:44.745Z', 'Hemköp', 424.93),
(6, '2025-05-04T09:50:44.745Z', 'City Gross', 858.89),
(7, '2025-05-09T09:50:44.745Z', 'ICA Supermarket', 373.50),
(8, '2025-05-12T09:50:44.745Z', 'Coop', 489.30),
(9, '2025-05-17T09:50:44.745Z', 'Hemköp', 212.40),
(10, '2025-05-22T09:50:44.745Z', 'Willys', 482.40),
(11, '2025-05-28T09:50:44.745Z', 'Lidl', 256.02),
(12, '2025-06-02T09:50:44.745Z', 'City Gross', 259.70),
(13, '2025-06-09T09:50:44.745Z', 'Willys', 622.40),
(14, '2025-06-12T09:50:44.745Z', 'Hemköp', 197.16),
(15, '2025-06-19T09:50:44.745Z', 'City Gross', 197.30),
(16, '2025-06-24T09:50:44.745Z', 'Lidl', 305.60),
(17, '2025-06-28T09:50:44.745Z', 'Lidl', 657.40),
(18, '2025-07-02T09:50:44.745Z', 'Lidl', 438.62),
(19, '2025-07-09T09:50:44.745Z', 'Coop', 440.22),
(20, '2025-07-14T09:50:44.745Z', 'Lidl', 770.97),
(21, '2025-07-21T09:50:44.745Z', 'Hemköp', 342.60),
(22, '2025-07-28T09:50:44.745Z', 'Hemköp', 321.20),
(23, '2025-08-03T09:50:44.745Z', 'Coop', 687.56),
(24, '2025-08-06T09:50:44.745Z', 'Willys', 548.11),
(25, '2025-08-12T09:50:44.745Z', 'Lidl', 285.70),
(26, '2025-08-15T09:50:44.745Z', 'City Gross', 322.90),
(27, '2025-08-22T09:50:44.745Z', 'City Gross', 341.90),
(28, '2025-08-25T09:50:44.745Z', 'Lidl', 444.93),
(29, '2025-08-30T09:50:44.745Z', 'Coop', 699.50),
(30, '2025-09-06T09:50:44.745Z', 'Willys', 665.80),
(31, '2025-09-10T09:50:44.745Z', 'Lidl', 395.55),
(32, '2025-09-13T09:50:44.745Z', 'Willys', 406.93),
(33, '2025-09-18T09:50:44.745Z', 'City Gross', 535.30),
(34, '2025-09-22T09:50:44.745Z', 'Willys', 504.10),
(35, '2025-09-29T09:50:44.745Z', 'Coop', 406.91),
(36, '2025-10-06T09:50:44.745Z', 'Willys', 438.22),
(37, '2025-10-13T09:50:44.745Z', 'Willys', 579.80),
(38, '2025-10-16T09:50:44.745Z', 'ICA Supermarket', 438.30),
(39, '2025-10-22T09:50:44.745Z', 'Lidl', 450.11),
(40, '2025-10-25T09:50:44.745Z', 'Lidl', 440.99),
(41, '2025-10-29T10:50:44.745Z', 'City Gross', 661.10),
(42, '2025-11-01T10:50:44.745Z', 'Coop', 324.64),
(43, '2025-11-04T10:50:44.745Z', 'City Gross', 596.60),
(44, '2025-11-11T10:50:44.745Z', 'Willys', 720.30),
(45, '2025-11-18T10:50:44.745Z', 'ICA Supermarket', 362.91),
(46, '2025-11-25T10:50:44.745Z', 'Coop', 444.20),
(47, '2025-11-30T10:50:44.745Z', 'Coop', 411.56),
(48, '2025-12-03T10:50:44.745Z', 'Willys', 587.54),
(49, '2025-12-06T10:50:44.745Z', 'Willys', 249.40),
(50, '2025-12-11T10:50:44.745Z', 'Hemköp', 439.75),
(51, '2025-12-15T10:50:44.745Z', 'City Gross', 614.55),
(52, '2025-12-20T10:50:44.745Z', 'Willys', 286.05),
(53, '2025-12-24T10:50:44.745Z', 'Coop', 553.80),
(54, '2025-12-31T10:50:44.745Z', 'Willys', 740.45),
(55, '2026-01-07T10:50:44.745Z', 'City Gross', 646.26),
(56, '2026-01-10T10:50:44.745Z', 'Lidl', 696.70),
(57, '2026-01-14T10:50:44.745Z', 'Willys', 371.80),
(58, '2026-01-19T10:50:44.745Z', 'ICA Supermarket', 335.90),
(59, '2026-01-24T10:50:44.745Z', 'Willys', 218.40),
(60, '2026-01-27T10:50:44.745Z', 'Willys', 673.92),
(61, '2026-01-31T10:50:44.745Z', 'Willys', 501.60),
(62, '2026-02-06T10:50:44.745Z', 'City Gross', 471.50),
(63, '2026-02-12T10:50:44.745Z', 'Hemköp', 534.96),
(64, '2026-02-17T10:50:44.745Z', 'Willys', 724.43),
(65, '2026-02-24T10:50:44.745Z', 'ICA Supermarket', 669.75),
(66, '2026-03-02T10:50:44.745Z', 'City Gross', 704.18),
(67, '2026-03-08T10:50:44.745Z', 'Hemköp', 627.52),
(68, '2026-03-11T10:50:44.745Z', 'Lidl', 392.35),
(69, '2026-03-16T10:50:44.745Z', 'Coop', 736.40),
(70, '2026-03-19T10:50:44.745Z', 'Coop', 472.80),
(71, '2026-03-24T10:50:44.745Z', 'City Gross', 657.55),
(72, '2026-03-28T10:50:44.745Z', 'City Gross', 564.90),
(73, '2026-03-31T09:50:44.745Z', 'Coop', 606.10);

INSERT INTO History (Timestamp, ItemName, ExpandedName, Action, Quantity, Price, TotalPrice, Currency, Source, ReceiptId) VALUES
('2025-04-06T09:50:44.745Z', 'Lök', 'Gullök i nät 1kg', 'Add', 2.00, 14.90, 29.80, 'SEK', 'Receipt', 1),
('2025-04-06T09:50:45.745Z', 'Ris', 'Jasminris 1kg', 'Add', 1.00, 32.90, 32.90, 'SEK', 'Receipt', 1),
('2025-04-06T09:50:46.745Z', 'Mjölk', 'Mellanmjölk 1.5% 1L', 'Add', 1.00, 14.90, 14.90, 'SEK', 'Receipt', 1),
('2025-04-06T09:50:47.745Z', 'Lax', 'Färsk Laxfilé 4-pack', 'Add', 1.00, 99.00, 99.00, 'SEK', 'Receipt', 1),
('2025-04-06T09:50:48.745Z', 'Banan', 'Ekologiska Bananer', 'Add', 1.40, 24.90, 34.86, 'SEK', 'Receipt', 1),
('2025-04-06T09:50:49.745Z', 'Pommes frites', 'Strips 1kg', 'Add', 2.00, 29.90, 59.80, 'SEK', 'Receipt', 1),
('2025-04-06T09:50:50.745Z', 'Pasta', 'Spaghetti 1kg', 'Add', 3.00, 24.90, 74.70, 'SEK', 'Receipt', 1),
('2025-04-06T09:50:51.745Z', 'Ost', 'Herrgård Herrgårdost 28% 700g', 'Add', 1.00, 89.00, 89.00, 'SEK', 'Receipt', 1),
('2025-04-06T09:50:52.745Z', 'Fiskpinnar', 'Fiskpinnar 15-pack', 'Add', 1.00, 34.90, 34.90, 'SEK', 'Receipt', 1),
('2025-04-06T09:50:53.745Z', 'Krossade tomater', 'Krossade Tomater 400g', 'Add', 2.00, 11.90, 23.80, 'SEK', 'Receipt', 1),
('2025-04-07T09:50:44.745Z', 'Banan', 'Ekologiska Bananer', 'Remove', 0.50, NULL, NULL, 'SEK', 'Manual', NULL),
('2025-04-07T09:50:44.745Z', 'Mjölk', 'Mellanmjölk 1.5% 1L', 'Remove', 1.00, NULL, NULL, 'SEK', 'Manual', NULL),
('2025-04-07T09:50:44.745Z', 'Fiskpinnar', 'Fiskpinnar 15-pack', 'Remove', 1.00, NULL, NULL, 'SEK', 'Manual', NULL),
('2025-04-07T09:50:44.745Z', 'Ost', 'Herrgård Herrgårdost 28% 700g', 'Remove', 1.00, NULL, NULL, 'SEK', 'Manual', NULL),
('2025-04-08T09:50:44.745Z', 'Pommes frites', 'Strips 1kg', 'Remove', 1.00, NULL, NULL, 'SEK', 'Manual', NULL),
('2025-04-09T09:50:44.745Z', 'Lax', 'Färsk Laxfilé 4-pack', 'Remove', 1.00, NULL, NULL, 'SEK', 'Manual', NULL),
('2025-04-09T09:50:44.745Z', 'Pasta', 'Spaghetti 1kg', 'Remove', 1.00, NULL, NULL, 'SEK', 'Manual', NULL),
('2025-04-09T09:50:44.745Z', 'Pasta', 'Spaghetti 1kg', 'Remove', 1.00, NULL, NULL, 'SEK', 'Manual', NULL),
('2025-04-12T09:50:44.745Z', 'Toalettpapper', 'Toalettpapper 8-rullar', 'Add', 1.00, 49.90, 49.90, 'SEK', 'Receipt', 2),
('2025-04-12T09:50:45.745Z', 'Havregryn', 'Havregryn 750g', 'Add', 1.00, 16.90, 16.90, 'SEK', 'Receipt', 2),
('2025-04-12T09:50:46.745Z', 'Ärtor', 'Frysta Gröna Ärtor 500g', 'Add', 1.00, 19.90, 19.90, 'SEK', 'Receipt', 2),
('2025-04-12T09:50:47.745Z', 'Formfranska', 'Ljust Rostat Bröd', 'Add', 2.00, 22.90, 45.80, 'SEK', 'Receipt', 2),
('2025-04-12T09:50:48.745Z', 'Kycklingfilé', 'Färsk Kycklingbröstfilé 1kg', 'Add', 1.00, 119.00, 119.00, 'SEK', 'Receipt', 2),
('2025-04-12T09:50:49.745Z', 'Toalettpapper', 'Toalettpapper 8-rullar', 'Add', 1.00, 49.90, 49.90, 'SEK', 'Receipt', 2),
('2025-04-12T09:50:50.745Z', 'Toalettpapper', 'Toalettpapper 8-rullar', 'Add', 1.00, 49.90, 49.90, 'SEK', 'Receipt', 2),
('2025-04-12T09:50:51.745Z', 'Knäckebröd', 'Husmans Knäckebröd', 'Add', 1.00, 18.90, 18.90, 'SEK', 'Receipt', 2),
('2025-04-12T09:50:52.745Z', 'Ost', 'Herrgård Herrgårdost 28% 700g', 'Add', 1.00, 89.00, 89.00, 'SEK', 'Receipt', 2),
('2025-04-12T09:50:53.745Z', 'Mjölk', 'Mellanmjölk 1.5% 1L', 'Add', 1.00, 14.90, 14.90, 'SEK', 'Receipt', 2),
('2025-04-12T09:50:54.745Z', 'Gräddfil', 'Gräddfil 12% 3dl', 'Add', 1.00, 12.50, 12.50, 'SEK', 'Receipt', 2),
('2025-04-13T09:50:44.745Z', 'Havregryn', 'Havregryn 750g', 'Remove', 1.00, NULL, NULL, 'SEK', 'Manual', NULL),
('2025-04-13T09:50:44.745Z', 'Ost', 'Herrgård Herrgårdost 28% 700g', 'Remove', 1.00, NULL, NULL, 'SEK', 'Manual', NULL),
('2025-04-13T09:50:44.745Z', 'Pasta', 'Spaghetti 1kg', 'Remove', 1.00, NULL, NULL, 'SEK', 'Manual', NULL),
('2025-04-14T09:50:44.745Z', 'Pommes frites', 'Strips 1kg', 'Remove', 1.00, NULL, NULL, 'SEK', 'Manual', NULL),
('2025-04-14T09:50:44.745Z', 'Kycklingfilé', 'Färsk Kycklingbröstfilé 1kg', 'Remove', 1.00, NULL, NULL, 'SEK', 'Manual', NULL),
('2025-04-15T09:50:44.745Z', 'Lök', 'Gullök i nät 1kg', 'Remove', 1.00, NULL, NULL, 'SEK', 'Manual', NULL),
('2025-04-15T09:50:44.745Z', 'Banan', 'Ekologiska Bananer', 'Remove', 0.50, NULL, NULL, 'SEK', 'Manual', NULL),
('2025-04-16T09:50:44.745Z', 'Gräddfil', 'Gräddfil 12% 3dl', 'Remove', 1.00, NULL, NULL, 'SEK', 'Manual', NULL),
('2025-04-16T09:50:44.745Z', 'Ärtor', 'Frysta Gröna Ärtor 500g', 'Remove', 1.00, NULL, NULL, 'SEK', 'Manual', NULL),
('2025-04-17T09:50:44.745Z', 'Krossade tomater', 'Krossade Tomater 400g', 'Remove', 1.00, NULL, NULL, 'SEK', 'Manual', NULL),
('2025-04-17T09:50:44.745Z', 'Knäckebröd', 'Husmans Knäckebröd', 'Remove', 1.00, NULL, NULL, 'SEK', 'Manual', NULL),
('2025-04-17T09:50:44.745Z', 'Ris', 'Jasminris 1kg', 'Remove', 1.00, NULL, NULL, 'SEK', 'Manual', NULL),
('2025-04-18T09:50:44.745Z', 'Formfranska', 'Ljust Rostat Bröd', 'Remove', 1.00, NULL, NULL, 'SEK', 'Manual', NULL),
('2025-04-18T09:50:44.745Z', 'Toalettpapper', 'Toalettpapper 8-rullar', 'Remove', 1.00, NULL, NULL, 'SEK', 'Manual', NULL),
('2025-04-18T09:50:44.745Z', 'Krossade tomater', 'Krossade Tomater 400g', 'Remove', 1.00, NULL, NULL, 'SEK', 'Manual', NULL),
('2025-04-19T09:50:44.745Z', 'Tomat', 'Kvisttomater', 'Add', 1.50, 39.90, 59.85, 'SEK', 'Receipt', 3),
('2025-04-19T09:50:45.745Z', 'Yoghurt', 'Naturell Yoghurt 3% 1L', 'Add', 3.00, 22.50, 67.50, 'SEK', 'Receipt', 3),
('2025-04-19T09:50:46.745Z', 'Lök', 'Gullök i nät 1kg', 'Add', 1.00, 14.90, 14.90, 'SEK', 'Receipt', 3),
('2025-04-19T09:50:47.745Z', 'Äpple', 'Svenska Äpplen Ingrid Marie', 'Add', 1.30, 29.90, 38.87, 'SEK', 'Receipt', 3),
('2025-04-19T09:50:48.745Z', 'Rågbröd', 'Mörkt Rågbröd Skivat', 'Add', 3.00, 26.90, 80.70, 'SEK', 'Receipt', 3),
('2025-04-19T09:50:49.745Z', 'Kaffe', 'Mellanrost Bryggkaffe 500g', 'Add', 1.00, 54.90, 54.90, 'SEK', 'Receipt', 3),
('2025-04-19T09:50:50.745Z', 'Rågbröd', 'Mörkt Rågbröd Skivat', 'Add', 3.00, 26.90, 80.70, 'SEK', 'Receipt', 3),
('2025-04-19T09:50:51.745Z', 'Knäckebröd', 'Husmans Knäckebröd', 'Add', 3.00, 18.90, 56.70, 'SEK', 'Receipt', 3),
('2025-04-19T09:50:52.745Z', 'Hushållspapper', 'Hushållspapper 4-rullar', 'Add', 1.00, 39.90, 39.90, 'SEK', 'Receipt', 3),
('2025-04-19T09:50:53.745Z', 'Lök', 'Gullök i nät 1kg', 'Add', 3.00, 14.90, 44.70, 'SEK', 'Receipt', 3),
('2025-04-19T09:50:54.745Z', 'Mjölk', 'Mellanmjölk 1.5% 1L', 'Add', 1.00, 14.90, 14.90, 'SEK', 'Receipt', 3),
('2025-04-19T09:50:55.745Z', 'Formfranska', 'Ljust Rostat Bröd', 'Add', 3.00, 22.90, 68.70, 'SEK', 'Receipt', 3),
('2025-04-19T09:50:56.745Z', 'Ärtor', 'Frysta Gröna Ärtor 500g', 'Add', 2.00, 19.90, 39.80, 'SEK', 'Receipt', 3),
('2025-04-20T09:50:44.745Z', 'Hushållspapper', 'Hushållspapper 4-rullar', 'Remove', 1.00, NULL, NULL, 'SEK', 'Manual', NULL),
('2025-04-20T09:50:44.745Z', 'Ärtor', 'Frysta Gröna Ärtor 500g', 'Remove', 1.00, NULL, NULL, 'SEK', 'Manual', NULL),
('2025-04-20T09:50:44.745Z', 'Knäckebröd', 'Husmans Knäckebröd', 'Remove', 1.00, NULL, NULL, 'SEK', 'Manual', NULL),
('2025-04-21T09:50:44.745Z', 'Tomat', 'Kvisttomater', 'Remove', 0.20, NULL, NULL, 'SEK', 'Manual', NULL),
('2025-04-21T09:50:44.745Z', 'Mjölk', 'Mellanmjölk 1.5% 1L', 'Remove', 1.00, NULL, NULL, 'SEK', 'Manual', NULL),
('2025-04-22T09:50:44.745Z', 'Knäckebröd', 'Husmans Knäckebröd', 'Remove', 1.00, NULL, NULL, 'SEK', 'Manual', NULL),
('2025-04-22T09:50:44.745Z', 'Äpple', 'Svenska Äpplen Ingrid Marie', 'Remove', 0.40, NULL, NULL, 'SEK', 'Manual', NULL),
('2025-04-22T09:50:44.745Z', 'Tomat', 'Kvisttomater', 'Remove', 0.30, NULL, NULL, 'SEK', 'Manual', NULL),
('2025-04-23T09:50:44.745Z', 'Formfranska', 'Ljust Rostat Bröd', 'Remove', 1.00, NULL, NULL, 'SEK', 'Manual', NULL),
('2025-04-23T09:50:44.745Z', 'Lök', 'Gullök i nät 1kg', 'Remove', 1.00, NULL, NULL, 'SEK', 'Manual', NULL),
('2025-04-23T09:50:44.745Z', 'Äpple', 'Svenska Äpplen Ingrid Marie', 'Remove', 0.40, NULL, NULL, 'SEK', 'Manual', NULL),
('2025-04-24T09:50:44.745Z', 'Tomat', 'Kvisttomater', 'Remove', 0.50, NULL, NULL, 'SEK', 'Manual', NULL),
('2025-04-25T09:50:44.745Z', 'Äpple', 'Svenska Äpplen Ingrid Marie', 'Remove', 0.40, NULL, NULL, 'SEK', 'Manual', NULL),
('2025-04-25T09:50:44.745Z', 'Kaffe', 'Mellanrost Bryggkaffe 500g', 'Remove', 1.00, NULL, NULL, 'SEK', 'Manual', NULL),
('2025-04-25T09:50:44.745Z', 'Toalettpapper', 'Toalettpapper 8-rullar', 'Remove', 1.00, NULL, NULL, 'SEK', 'Manual', NULL),
('2025-04-25T09:50:44.745Z', 'Banan', 'Ekologiska Bananer', 'Remove', 0.20, NULL, NULL, 'SEK', 'Manual', NULL),
('2025-04-26T09:50:44.745Z', 'Yoghurt', 'Naturell Yoghurt 3% 1L', 'Remove', 1.00, NULL, NULL, 'SEK', 'Manual', NULL),
('2025-04-24T09:50:44.745Z', 'Ärtor', 'Frysta Gröna Ärtor 500g', 'Add', 3.00, 19.90, 59.70, 'SEK', 'Receipt', 4),
('2025-04-24T09:50:45.745Z', 'Bacon', 'Alspånsrökt Bacon 140g', 'Add', 2.00, 14.90, 29.80, 'SEK', 'Receipt', 4),
('2025-04-24T09:50:46.745Z', 'Gurka', 'Svensk Gurka', 'Add', 2.00, 15.00, 30.00, 'SEK', 'Receipt', 4),
('2025-04-24T09:50:47.745Z', 'Hushållspapper', 'Hushållspapper 4-rullar', 'Add', 1.00, 39.90, 39.90, 'SEK', 'Receipt', 4),
('2025-04-24T09:50:48.745Z', 'Kycklingfilé', 'Färsk Kycklingbröstfilé 1kg', 'Add', 1.00, 119.00, 119.00, 'SEK', 'Receipt', 4),
('2025-04-24T09:50:49.745Z', 'Potatis', 'Fast Potatis 2kg', 'Add', 1.00, 29.90, 29.90, 'SEK', 'Receipt', 4),
('2025-04-24T09:50:50.745Z', 'Krossade tomater', 'Krossade Tomater 400g', 'Add', 1.00, 11.90, 11.90, 'SEK', 'Receipt', 4),
('2025-04-24T09:50:51.745Z', 'Gräddfil', 'Gräddfil 12% 3dl', 'Add', 1.00, 12.50, 12.50, 'SEK', 'Receipt', 4),
('2025-04-24T09:50:52.745Z', 'Olivolja', 'Extra Virgin Olivolja 500ml', 'Add', 1.00, 69.90, 69.90, 'SEK', 'Receipt', 4),
('2025-04-24T09:50:53.745Z', 'Ost', 'Herrgård Herrgårdost 28% 700g', 'Add', 1.00, 89.00, 89.00, 'SEK', 'Receipt', 4),
('2025-04-24T09:50:54.745Z', 'Lax', 'Färsk Laxfilé 4-pack', 'Add', 1.00, 99.00, 99.00, 'SEK', 'Receipt', 4),
('2025-04-24T09:50:55.745Z', 'Kaffe', 'Mellanrost Bryggkaffe 500g', 'Add', 1.00, 54.90, 54.90, 'SEK', 'Receipt', 4),
('2025-04-24T09:50:56.745Z', 'Ost', 'Herrgård Herrgårdost 28% 700g', 'Add', 1.00, 89.00, 89.00, 'SEK', 'Receipt', 4),
('2025-04-25T09:50:44.745Z', 'Mjölk', 'Mellanmjölk 1.5% 1L', 'Remove', 1.00, NULL, NULL, 'SEK', 'Manual', NULL),
('2025-04-25T09:50:44.745Z', 'Hushållspapper', 'Hushållspapper 4-rullar', 'Remove', 1.00, NULL, NULL, 'SEK', 'Manual', NULL),
('2025-04-25T09:50:44.745Z', 'Lax', 'Färsk Laxfilé 4-pack', 'Remove', 1.00, NULL, NULL, 'SEK', 'Manual', NULL),
('2025-04-25T09:50:44.745Z', 'Kaffe', 'Mellanrost Bryggkaffe 500g', 'Remove', 1.00, NULL, NULL, 'SEK', 'Manual', NULL),
('2025-04-26T09:50:44.745Z', 'Banan', 'Ekologiska Bananer', 'Remove', 0.20, NULL, NULL, 'SEK', 'Manual', NULL),
('2025-04-26T09:50:44.745Z', 'Tomat', 'Kvisttomater', 'Remove', 0.40, NULL, NULL, 'SEK', 'Manual', NULL),
('2025-04-26T09:50:44.745Z', 'Formfranska', 'Ljust Rostat Bröd', 'Remove', 1.00, NULL, NULL, 'SEK', 'Manual', NULL),
('2025-04-27T09:50:44.745Z', 'Bacon', 'Alspånsrökt Bacon 140g', 'Remove', 1.00, NULL, NULL, 'SEK', 'Manual', NULL),
('2025-04-28T09:50:44.745Z', 'Toalettpapper', 'Toalettpapper 8-rullar', 'Remove', 1.00, NULL, NULL, 'SEK', 'Manual', NULL),
('2025-04-28T09:50:44.745Z', 'Kycklingfilé', 'Färsk Kycklingbröstfilé 1kg', 'Remove', 1.00, NULL, NULL, 'SEK', 'Manual', NULL),
('2025-04-28T09:50:44.745Z', 'Ost', 'Herrgård Herrgårdost 28% 700g', 'Remove', 1.00, NULL, NULL, 'SEK', 'Manual', NULL),
('2025-04-28T09:50:44.745Z', 'Formfranska', 'Ljust Rostat Bröd', 'Remove', 1.00, NULL, NULL, 'SEK', 'Manual', NULL),
('2025-04-29T09:50:44.745Z', 'Bacon', 'Alspånsrökt Bacon 140g', 'Remove', 1.00, NULL, NULL, 'SEK', 'Manual', NULL);

INSERT INTO History (Timestamp, ItemName, ExpandedName, Action, Quantity, Price, TotalPrice, Currency, Source, ReceiptId) VALUES
('2025-04-29T09:50:44.745Z', 'Yoghurt', 'Naturell Yoghurt 3% 1L', 'Remove', 1.00, NULL, NULL, 'SEK', 'Manual', NULL),
('2025-04-29T09:50:44.745Z', 'Gurka', 'Svensk Gurka', 'Remove', 1.00, NULL, NULL, 'SEK', 'Manual', NULL),
('2025-04-30T09:50:44.745Z', 'Tvättmedel', 'Kulörtvättmedel 1kg', 'Add', 1.00, 45.00, 45.00, 'SEK', 'Receipt', 5),
('2025-04-30T09:50:45.745Z', 'Korv', 'Falukorv 800g', 'Add', 1.00, 44.90, 44.90, 'SEK', 'Receipt', 5),
('2025-04-30T09:50:46.745Z', 'Krossade tomater', 'Krossade Tomater 400g', 'Add', 3.00, 11.90, 35.70, 'SEK', 'Receipt', 5),
('2025-04-30T09:50:47.745Z', 'Ägg', 'Ägg Frigående 12-pack', 'Add', 1.00, 34.90, 34.90, 'SEK', 'Receipt', 5),
('2025-04-30T09:50:48.745Z', 'Gräddfil', 'Gräddfil 12% 3dl', 'Add', 3.00, 12.50, 37.50, 'SEK', 'Receipt', 5),
('2025-04-30T09:50:49.745Z', 'Bacon', 'Alspånsrökt Bacon 140g', 'Add', 1.00, 14.90, 14.90, 'SEK', 'Receipt', 5),
('2025-04-30T09:50:50.745Z', 'Havregryn', 'Havregryn 750g', 'Add', 1.00, 16.90, 16.90, 'SEK', 'Receipt', 5),
('2025-04-30T09:50:51.745Z', 'Olivolja', 'Extra Virgin Olivolja 500ml', 'Add', 1.00, 69.90, 69.90, 'SEK', 'Receipt', 5),
('2025-04-30T09:50:52.745Z', 'Yoghurt', 'Naturell Yoghurt 3% 1L', 'Add', 1.00, 22.50, 22.50, 'SEK', 'Receipt', 5),
('2025-04-30T09:50:53.745Z', 'Yoghurt', 'Naturell Yoghurt 3% 1L', 'Add', 2.00, 22.50, 45.00, 'SEK', 'Receipt', 5),
('2025-04-30T09:50:54.745Z', 'Lök', 'Gullök i nät 1kg', 'Add', 2.00, 14.90, 29.80, 'SEK', 'Receipt', 5),
('2025-04-30T09:50:55.745Z', 'Tomat', 'Kvisttomater', 'Add', 0.70, 39.90, 27.93, 'SEK', 'Receipt', 5),
('2025-05-01T09:50:44.745Z', 'Yoghurt', 'Naturell Yoghurt 3% 1L', 'Remove', 1.00, NULL, NULL, 'SEK', 'Manual', NULL),
('2025-05-01T09:50:44.745Z', 'Tomat', 'Kvisttomater', 'Remove', 0.20, NULL, NULL, 'SEK', 'Manual', NULL),
('2025-05-01T09:50:44.745Z', 'Ärtor', 'Frysta Gröna Ärtor 500g', 'Remove', 1.00, NULL, NULL, 'SEK', 'Manual', NULL),
('2025-05-02T09:50:44.745Z', 'Formfranska', 'Ljust Rostat Bröd', 'Remove', 1.00, NULL, NULL, 'SEK', 'Manual', NULL),
('2025-05-02T09:50:44.745Z', 'Korv', 'Falukorv 800g', 'Remove', 1.00, NULL, NULL, 'SEK', 'Manual', NULL),
('2025-05-02T09:50:44.745Z', 'Lök', 'Gullök i nät 1kg', 'Remove', 1.00, NULL, NULL, 'SEK', 'Manual', NULL),
('2025-05-02T09:50:44.745Z', 'Rågbröd', 'Mörkt Rågbröd Skivat', 'Remove', 1.00, NULL, NULL, 'SEK', 'Manual', NULL),
('2025-05-03T09:50:44.745Z', 'Ost', 'Herrgård Herrgårdost 28% 700g', 'Remove', 1.00, NULL, NULL, 'SEK', 'Manual', NULL),
('2025-05-03T09:50:44.745Z', 'Knäckebröd', 'Husmans Knäckebröd', 'Remove', 1.00, NULL, NULL, 'SEK', 'Manual', NULL),
('2025-05-04T09:50:44.745Z', 'Lök', 'Gullök i nät 1kg', 'Remove', 1.00, NULL, NULL, 'SEK', 'Manual', NULL),
('2025-05-04T09:50:44.745Z', 'Lök', 'Gullök i nät 1kg', 'Remove', 1.00, NULL, NULL, 'SEK', 'Manual', NULL),
('2025-05-04T09:50:44.745Z', 'Tomat', 'Kvisttomater', 'Remove', 0.40, NULL, NULL, 'SEK', 'Manual', NULL),
('2025-05-04T09:50:44.745Z', 'Ägg', 'Ägg Frigående 12-pack', 'Remove', 1.00, NULL, NULL, 'SEK', 'Manual', NULL),
('2025-05-05T09:50:44.745Z', 'Lök', 'Gullök i nät 1kg', 'Remove', 1.00, NULL, NULL, 'SEK', 'Manual', NULL),
('2025-05-05T09:50:44.745Z', 'Tomat', 'Kvisttomater', 'Remove', 0.20, NULL, NULL, 'SEK', 'Manual', NULL),
('2025-05-05T09:50:44.745Z', 'Potatis', 'Fast Potatis 2kg', 'Remove', 1.00, NULL, NULL, 'SEK', 'Manual', NULL),
('2025-05-06T09:50:44.745Z', 'Gurka', 'Svensk Gurka', 'Remove', 1.00, NULL, NULL, 'SEK', 'Manual', NULL),
('2025-05-06T09:50:44.745Z', 'Krossade tomater', 'Krossade Tomater 400g', 'Remove', 1.00, NULL, NULL, 'SEK', 'Manual', NULL),
('2025-05-06T09:50:44.745Z', 'Ärtor', 'Frysta Gröna Ärtor 500g', 'Remove', 1.00, NULL, NULL, 'SEK', 'Manual', NULL),
('2025-05-06T09:50:44.745Z', 'Tvättmedel', 'Kulörtvättmedel 1kg', 'Remove', 1.00, NULL, NULL, 'SEK', 'Manual', NULL),
('2025-05-04T09:50:44.745Z', 'Knäckebröd', 'Husmans Knäckebröd', 'Add', 3.00, 18.90, 56.70, 'SEK', 'Receipt', 6),
('2025-05-04T09:50:45.745Z', 'Fiskpinnar', 'Fiskpinnar 15-pack', 'Add', 1.00, 34.90, 34.90, 'SEK', 'Receipt', 6),
('2025-05-04T09:50:46.745Z', 'Ost', 'Herrgård Herrgårdost 28% 700g', 'Add', 1.00, 89.00, 89.00, 'SEK', 'Receipt', 6),
('2025-05-04T09:50:47.745Z', 'Fiskpinnar', 'Fiskpinnar 15-pack', 'Add', 1.00, 34.90, 34.90, 'SEK', 'Receipt', 6),
('2025-05-04T09:50:48.745Z', 'Ost', 'Herrgård Herrgårdost 28% 700g', 'Add', 1.00, 89.00, 89.00, 'SEK', 'Receipt', 6),
('2025-05-04T09:50:49.745Z', 'Tvättmedel', 'Kulörtvättmedel 1kg', 'Add', 1.00, 45.00, 45.00, 'SEK', 'Receipt', 6),
('2025-05-04T09:50:50.745Z', 'Toalettpapper', 'Toalettpapper 8-rullar', 'Add', 1.00, 49.90, 49.90, 'SEK', 'Receipt', 6),
('2025-05-04T09:50:51.745Z', 'Morot', 'Morötter i påse 1kg', 'Add', 3.00, 12.90, 38.70, 'SEK', 'Receipt', 6),
('2025-05-04T09:50:52.745Z', 'Bacon', 'Alspånsrökt Bacon 140g', 'Add', 3.00, 14.90, 44.70, 'SEK', 'Receipt', 6),
('2025-05-04T09:50:53.745Z', 'Tomat', 'Kvisttomater', 'Add', 1.30, 39.90, 51.87, 'SEK', 'Receipt', 6),
('2025-05-04T09:50:54.745Z', 'Olivolja', 'Extra Virgin Olivolja 500ml', 'Add', 1.00, 69.90, 69.90, 'SEK', 'Receipt', 6),
('2025-05-04T09:50:55.745Z', 'Rågbröd', 'Mörkt Rågbröd Skivat', 'Add', 3.00, 26.90, 80.70, 'SEK', 'Receipt', 6),
('2025-05-04T09:50:56.745Z', 'Banan', 'Ekologiska Bananer', 'Add', 1.80, 24.90, 44.82, 'SEK', 'Receipt', 6),
('2025-05-04T09:50:57.745Z', 'Lax', 'Färsk Laxfilé 4-pack', 'Add', 1.00, 99.00, 99.00, 'SEK', 'Receipt', 6),
('2025-05-04T09:50:58.745Z', 'Bacon', 'Alspånsrökt Bacon 140g', 'Add', 2.00, 14.90, 29.80, 'SEK', 'Receipt', 6),
('2025-05-05T09:50:44.745Z', 'Ärtor', 'Frysta Gröna Ärtor 500g', 'Remove', 1.00, NULL, NULL, 'SEK', 'Manual', NULL),
('2025-05-05T09:50:44.745Z', 'Olivolja', 'Extra Virgin Olivolja 500ml', 'Remove', 1.00, NULL, NULL, 'SEK', 'Manual', NULL),
('2025-05-05T09:50:44.745Z', 'Morot', 'Morötter i påse 1kg', 'Remove', 1.00, NULL, NULL, 'SEK', 'Manual', NULL),
('2025-05-05T09:50:44.745Z', 'Knäckebröd', 'Husmans Knäckebröd', 'Remove', 1.00, NULL, NULL, 'SEK', 'Manual', NULL),
('2025-05-06T09:50:44.745Z', 'Bacon', 'Alspånsrökt Bacon 140g', 'Remove', 1.00, NULL, NULL, 'SEK', 'Manual', NULL),
('2025-05-06T09:50:44.745Z', 'Rågbröd', 'Mörkt Rågbröd Skivat', 'Remove', 1.00, NULL, NULL, 'SEK', 'Manual', NULL),
('2025-05-06T09:50:44.745Z', 'Ärtor', 'Frysta Gröna Ärtor 500g', 'Remove', 1.00, NULL, NULL, 'SEK', 'Manual', NULL),
('2025-05-06T09:50:44.745Z', 'Olivolja', 'Extra Virgin Olivolja 500ml', 'Remove', 1.00, NULL, NULL, 'SEK', 'Manual', NULL),
('2025-05-07T09:50:44.745Z', 'Tvättmedel', 'Kulörtvättmedel 1kg', 'Remove', 1.00, NULL, NULL, 'SEK', 'Manual', NULL),
('2025-05-07T09:50:44.745Z', 'Havregryn', 'Havregryn 750g', 'Remove', 1.00, NULL, NULL, 'SEK', 'Manual', NULL),
('2025-05-08T09:50:44.745Z', 'Rågbröd', 'Mörkt Rågbröd Skivat', 'Remove', 1.00, NULL, NULL, 'SEK', 'Manual', NULL),
('2025-05-08T09:50:44.745Z', 'Krossade tomater', 'Krossade Tomater 400g', 'Remove', 1.00, NULL, NULL, 'SEK', 'Manual', NULL),
('2025-05-09T09:50:44.745Z', 'Olivolja', 'Extra Virgin Olivolja 500ml', 'Add', 1.00, 69.90, 69.90, 'SEK', 'Receipt', 7),
('2025-05-09T09:50:45.745Z', 'Ärtor', 'Frysta Gröna Ärtor 500g', 'Add', 1.00, 19.90, 19.90, 'SEK', 'Receipt', 7),
('2025-05-09T09:50:46.745Z', 'Fiskpinnar', 'Fiskpinnar 15-pack', 'Add', 1.00, 34.90, 34.90, 'SEK', 'Receipt', 7),
('2025-05-09T09:50:47.745Z', 'Köttfärs', 'Nötfärs 12% 500g', 'Add', 1.00, 59.90, 59.90, 'SEK', 'Receipt', 7),
('2025-05-09T09:50:48.745Z', 'Kycklingfilé', 'Färsk Kycklingbröstfilé 1kg', 'Add', 1.00, 119.00, 119.00, 'SEK', 'Receipt', 7),
('2025-05-09T09:50:49.745Z', 'Olivolja', 'Extra Virgin Olivolja 500ml', 'Add', 1.00, 69.90, 69.90, 'SEK', 'Receipt', 7),
('2025-05-10T09:50:44.745Z', 'Fiskpinnar', 'Fiskpinnar 15-pack', 'Remove', 1.00, NULL, NULL, 'SEK', 'Manual', NULL),
('2025-05-10T09:50:44.745Z', 'Bacon', 'Alspånsrökt Bacon 140g', 'Remove', 1.00, NULL, NULL, 'SEK', 'Manual', NULL),
('2025-05-11T09:50:44.745Z', 'Kycklingfilé', 'Färsk Kycklingbröstfilé 1kg', 'Remove', 1.00, NULL, NULL, 'SEK', 'Manual', NULL),
('2025-05-11T09:50:44.745Z', 'Ärtor', 'Frysta Gröna Ärtor 500g', 'Remove', 1.00, NULL, NULL, 'SEK', 'Manual', NULL),
('2025-05-11T09:50:44.745Z', 'Ost', 'Herrgård Herrgårdost 28% 700g', 'Remove', 1.00, NULL, NULL, 'SEK', 'Manual', NULL),
('2025-05-12T09:50:44.745Z', 'Gräddfil', 'Gräddfil 12% 3dl', 'Remove', 1.00, NULL, NULL, 'SEK', 'Manual', NULL),
('2025-05-13T09:50:44.745Z', 'Morot', 'Morötter i påse 1kg', 'Remove', 1.00, NULL, NULL, 'SEK', 'Manual', NULL),
('2025-05-13T09:50:44.745Z', 'Banan', 'Ekologiska Bananer', 'Remove', 0.40, NULL, NULL, 'SEK', 'Manual', NULL),
('2025-05-13T09:50:44.745Z', 'Morot', 'Morötter i påse 1kg', 'Remove', 1.00, NULL, NULL, 'SEK', 'Manual', NULL),
('2025-05-13T09:50:44.745Z', 'Lax', 'Färsk Laxfilé 4-pack', 'Remove', 1.00, NULL, NULL, 'SEK', 'Manual', NULL),
('2025-05-14T09:50:44.745Z', 'Lök', 'Gullök i nät 1kg', 'Remove', 1.00, NULL, NULL, 'SEK', 'Manual', NULL),
('2025-05-14T09:50:44.745Z', 'Lök', 'Gullök i nät 1kg', 'Remove', 1.00, NULL, NULL, 'SEK', 'Manual', NULL),
('2025-05-12T09:50:44.745Z', 'Bacon', 'Alspånsrökt Bacon 140g', 'Add', 3.00, 14.90, 44.70, 'SEK', 'Receipt', 8),
('2025-05-12T09:50:45.745Z', 'Korv', 'Falukorv 800g', 'Add', 1.00, 44.90, 44.90, 'SEK', 'Receipt', 8),
('2025-05-12T09:50:46.745Z', 'Tvättmedel', 'Kulörtvättmedel 1kg', 'Add', 1.00, 45.00, 45.00, 'SEK', 'Receipt', 8),
('2025-05-12T09:50:47.745Z', 'Mjölk', 'Mellanmjölk 1.5% 1L', 'Add', 3.00, 14.90, 44.70, 'SEK', 'Receipt', 8),
('2025-05-12T09:50:48.745Z', 'Gräddfil', 'Gräddfil 12% 3dl', 'Add', 2.00, 12.50, 25.00, 'SEK', 'Receipt', 8),
('2025-05-12T09:50:49.745Z', 'Kycklingfilé', 'Färsk Kycklingbröstfilé 1kg', 'Add', 1.00, 119.00, 119.00, 'SEK', 'Receipt', 8),
('2025-05-12T09:50:50.745Z', 'Fiskpinnar', 'Fiskpinnar 15-pack', 'Add', 1.00, 34.90, 34.90, 'SEK', 'Receipt', 8),
('2025-05-12T09:50:51.745Z', 'Yoghurt', 'Naturell Yoghurt 3% 1L', 'Add', 1.00, 22.50, 22.50, 'SEK', 'Receipt', 8),
('2025-05-12T09:50:52.745Z', 'Morot', 'Morötter i påse 1kg', 'Add', 3.00, 12.90, 38.70, 'SEK', 'Receipt', 8),
('2025-05-12T09:50:53.745Z', 'Olivolja', 'Extra Virgin Olivolja 500ml', 'Add', 1.00, 69.90, 69.90, 'SEK', 'Receipt', 8),
('2025-05-13T09:50:44.745Z', 'Tomat', 'Kvisttomater', 'Remove', 0.20, NULL, NULL, 'SEK', 'Manual', NULL),
('2025-05-13T09:50:44.745Z', 'Yoghurt', 'Naturell Yoghurt 3% 1L', 'Remove', 1.00, NULL, NULL, 'SEK', 'Manual', NULL),
('2025-05-13T09:50:44.745Z', 'Rågbröd', 'Mörkt Rågbröd Skivat', 'Remove', 1.00, NULL, NULL, 'SEK', 'Manual', NULL),
('2025-05-13T09:50:44.745Z', 'Kycklingfilé', 'Färsk Kycklingbröstfilé 1kg', 'Remove', 1.00, NULL, NULL, 'SEK', 'Manual', NULL),
('2025-05-14T09:50:44.745Z', 'Tomat', 'Kvisttomater', 'Remove', 0.20, NULL, NULL, 'SEK', 'Manual', NULL),
('2025-05-14T09:50:44.745Z', 'Bacon', 'Alspånsrökt Bacon 140g', 'Remove', 1.00, NULL, NULL, 'SEK', 'Manual', NULL),
('2025-05-14T09:50:44.745Z', 'Gräddfil', 'Gräddfil 12% 3dl', 'Remove', 1.00, NULL, NULL, 'SEK', 'Manual', NULL),
('2025-05-14T09:50:44.745Z', 'Olivolja', 'Extra Virgin Olivolja 500ml', 'Remove', 1.00, NULL, NULL, 'SEK', 'Manual', NULL),
('2025-05-15T09:50:44.745Z', 'Bacon', 'Alspånsrökt Bacon 140g', 'Remove', 1.00, NULL, NULL, 'SEK', 'Manual', NULL),
('2025-05-17T09:50:44.745Z', 'Pasta', 'Spaghetti 1kg', 'Add', 1.00, 24.90, 24.90, 'SEK', 'Receipt', 9),
('2025-05-17T09:50:45.745Z', 'Fiskpinnar', 'Fiskpinnar 15-pack', 'Add', 1.00, 34.90, 34.90, 'SEK', 'Receipt', 9);

INSERT INTO History (Timestamp, ItemName, ExpandedName, Action, Quantity, Price, TotalPrice, Currency, Source, ReceiptId) VALUES
('2025-05-17T09:50:46.745Z', 'Lök', 'Gullök i nät 1kg', 'Add', 3.00, 14.90, 44.70, 'SEK', 'Receipt', 9),
('2025-05-17T09:50:47.745Z', 'Tvättmedel', 'Kulörtvättmedel 1kg', 'Add', 1.00, 45.00, 45.00, 'SEK', 'Receipt', 9),
('2025-05-17T09:50:48.745Z', 'Smör', 'Svenskt Smör Normalsaltat 500g', 'Add', 1.00, 62.90, 62.90, 'SEK', 'Receipt', 9),
('2025-05-18T09:50:44.745Z', 'Ost', 'Herrgård Herrgårdost 28% 700g', 'Remove', 1.00, NULL, NULL, 'SEK', 'Manual', NULL),
('2025-05-18T09:50:44.745Z', 'Tvättmedel', 'Kulörtvättmedel 1kg', 'Remove', 1.00, NULL, NULL, 'SEK', 'Manual', NULL),
('2025-05-19T09:50:44.745Z', 'Yoghurt', 'Naturell Yoghurt 3% 1L', 'Remove', 1.00, NULL, NULL, 'SEK', 'Manual', NULL),
('2025-05-19T09:50:44.745Z', 'Mjölk', 'Mellanmjölk 1.5% 1L', 'Remove', 1.00, NULL, NULL, 'SEK', 'Manual', NULL),
('2025-05-19T09:50:44.745Z', 'Olivolja', 'Extra Virgin Olivolja 500ml', 'Remove', 1.00, NULL, NULL, 'SEK', 'Manual', NULL),
('2025-05-19T09:50:44.745Z', 'Lök', 'Gullök i nät 1kg', 'Remove', 1.00, NULL, NULL, 'SEK', 'Manual', NULL),
('2025-05-20T09:50:44.745Z', 'Rågbröd', 'Mörkt Rågbröd Skivat', 'Remove', 1.00, NULL, NULL, 'SEK', 'Manual', NULL),
('2025-05-21T09:50:44.745Z', 'Tomat', 'Kvisttomater', 'Remove', 0.40, NULL, NULL, 'SEK', 'Manual', NULL),
('2025-05-21T09:50:44.745Z', 'Morot', 'Morötter i påse 1kg', 'Remove', 1.00, NULL, NULL, 'SEK', 'Manual', NULL),
('2025-05-21T09:50:44.745Z', 'Knäckebröd', 'Husmans Knäckebröd', 'Remove', 1.00, NULL, NULL, 'SEK', 'Manual', NULL),
('2025-05-22T09:50:44.745Z', 'Tomat', 'Kvisttomater', 'Remove', 0.20, NULL, NULL, 'SEK', 'Manual', NULL),
('2025-05-22T09:50:44.745Z', 'Kycklingfilé', 'Färsk Kycklingbröstfilé 1kg', 'Add', 1.00, 119.00, 119.00, 'SEK', 'Receipt', 10),
('2025-05-22T09:50:45.745Z', 'Banan', 'Ekologiska Bananer', 'Add', 2.00, 24.90, 49.80, 'SEK', 'Receipt', 10),
('2025-05-22T09:50:46.745Z', 'Lax', 'Färsk Laxfilé 4-pack', 'Add', 1.00, 99.00, 99.00, 'SEK', 'Receipt', 10),
('2025-05-22T09:50:47.745Z', 'Rågbröd', 'Mörkt Rågbröd Skivat', 'Add', 3.00, 26.90, 80.70, 'SEK', 'Receipt', 10),
('2025-05-22T09:50:48.745Z', 'Ägg', 'Ägg Frigående 12-pack', 'Add', 1.00, 34.90, 34.90, 'SEK', 'Receipt', 10),
('2025-05-22T09:50:49.745Z', 'Lax', 'Färsk Laxfilé 4-pack', 'Add', 1.00, 99.00, 99.00, 'SEK', 'Receipt', 10),
('2025-05-23T09:50:44.745Z', 'Tomat', 'Kvisttomater', 'Remove', 0.30, NULL, NULL, 'SEK', 'Manual', NULL),
('2025-05-23T09:50:44.745Z', 'Toalettpapper', 'Toalettpapper 8-rullar', 'Remove', 1.00, NULL, NULL, 'SEK', 'Manual', NULL),
('2025-05-23T09:50:44.745Z', 'Smör', 'Svenskt Smör Normalsaltat 500g', 'Remove', 1.00, NULL, NULL, 'SEK', 'Manual', NULL),
('2025-05-24T09:50:44.745Z', 'Köttfärs', 'Nötfärs 12% 500g', 'Remove', 1.00, NULL, NULL, 'SEK', 'Manual', NULL),
('2025-05-24T09:50:44.745Z', 'Banan', 'Ekologiska Bananer', 'Remove', 0.20, NULL, NULL, 'SEK', 'Manual', NULL),
('2025-05-24T09:50:44.745Z', 'Rågbröd', 'Mörkt Rågbröd Skivat', 'Remove', 1.00, NULL, NULL, 'SEK', 'Manual', NULL),
('2025-05-25T09:50:44.745Z', 'Korv', 'Falukorv 800g', 'Remove', 1.00, NULL, NULL, 'SEK', 'Manual', NULL),
('2025-05-25T09:50:44.745Z', 'Mjölk', 'Mellanmjölk 1.5% 1L', 'Remove', 1.00, NULL, NULL, 'SEK', 'Manual', NULL),
('2025-05-26T09:50:44.745Z', 'Krossade tomater', 'Krossade Tomater 400g', 'Remove', 1.00, NULL, NULL, 'SEK', 'Manual', NULL),
('2025-05-26T09:50:44.745Z', 'Yoghurt', 'Naturell Yoghurt 3% 1L', 'Remove', 1.00, NULL, NULL, 'SEK', 'Manual', NULL),
('2025-05-26T09:50:44.745Z', 'Krossade tomater', 'Krossade Tomater 400g', 'Remove', 1.00, NULL, NULL, 'SEK', 'Manual', NULL),
('2025-05-27T09:50:44.745Z', 'Olivolja', 'Extra Virgin Olivolja 500ml', 'Remove', 1.00, NULL, NULL, 'SEK', 'Manual', NULL),
('2025-05-27T09:50:44.745Z', 'Banan', 'Ekologiska Bananer', 'Remove', 0.50, NULL, NULL, 'SEK', 'Manual', NULL),
('2025-05-28T09:50:44.745Z', 'Gurka', 'Svensk Gurka', 'Add', 2.00, 15.00, 30.00, 'SEK', 'Receipt', 11),
('2025-05-28T09:50:45.745Z', 'Bacon', 'Alspånsrökt Bacon 140g', 'Add', 3.00, 14.90, 44.70, 'SEK', 'Receipt', 11),
('2025-05-28T09:50:46.745Z', 'Formfranska', 'Ljust Rostat Bröd', 'Add', 1.00, 22.90, 22.90, 'SEK', 'Receipt', 11),
('2025-05-28T09:50:47.745Z', 'Formfranska', 'Ljust Rostat Bröd', 'Add', 3.00, 22.90, 68.70, 'SEK', 'Receipt', 11),
('2025-05-28T09:50:48.745Z', 'Korv', 'Falukorv 800g', 'Add', 1.00, 44.90, 44.90, 'SEK', 'Receipt', 11),
('2025-05-28T09:50:49.745Z', 'Banan', 'Ekologiska Bananer', 'Add', 1.80, 24.90, 44.82, 'SEK', 'Receipt', 11),
('2025-05-29T09:50:44.745Z', 'Morot', 'Morötter i påse 1kg', 'Remove', 1.00, NULL, NULL, 'SEK', 'Manual', NULL),
('2025-05-29T09:50:44.745Z', 'Kycklingfilé', 'Färsk Kycklingbröstfilé 1kg', 'Remove', 1.00, NULL, NULL, 'SEK', 'Manual', NULL),
('2025-05-29T09:50:44.745Z', 'Mjölk', 'Mellanmjölk 1.5% 1L', 'Remove', 1.00, NULL, NULL, 'SEK', 'Manual', NULL),
('2025-05-29T09:50:44.745Z', 'Morot', 'Morötter i påse 1kg', 'Remove', 1.00, NULL, NULL, 'SEK', 'Manual', NULL),
('2025-05-30T09:50:44.745Z', 'Rågbröd', 'Mörkt Rågbröd Skivat', 'Remove', 1.00, NULL, NULL, 'SEK', 'Manual', NULL),
('2025-05-31T09:50:44.745Z', 'Lök', 'Gullök i nät 1kg', 'Remove', 1.00, NULL, NULL, 'SEK', 'Manual', NULL),
('2025-05-31T09:50:44.745Z', 'Rågbröd', 'Mörkt Rågbröd Skivat', 'Remove', 1.00, NULL, NULL, 'SEK', 'Manual', NULL),
('2025-06-01T09:50:44.745Z', 'Pasta', 'Spaghetti 1kg', 'Remove', 1.00, NULL, NULL, 'SEK', 'Manual', NULL),
('2025-06-01T09:50:44.745Z', 'Banan', 'Ekologiska Bananer', 'Remove', 0.40, NULL, NULL, 'SEK', 'Manual', NULL),
('2025-06-01T09:50:44.745Z', 'Olivolja', 'Extra Virgin Olivolja 500ml', 'Remove', 1.00, NULL, NULL, 'SEK', 'Manual', NULL),
('2025-06-02T09:50:44.745Z', 'Knäckebröd', 'Husmans Knäckebröd', 'Remove', 1.00, NULL, NULL, 'SEK', 'Manual', NULL),
('2025-06-02T09:50:44.745Z', 'Tvättmedel', 'Kulörtvättmedel 1kg', 'Remove', 1.00, NULL, NULL, 'SEK', 'Manual', NULL),
('2025-06-02T09:50:44.745Z', 'Ägg', 'Ägg Frigående 12-pack', 'Remove', 1.00, NULL, NULL, 'SEK', 'Manual', NULL),
('2025-06-02T09:50:44.745Z', 'Rågbröd', 'Mörkt Rågbröd Skivat', 'Remove', 1.00, NULL, NULL, 'SEK', 'Manual', NULL),
('2025-06-03T09:50:44.745Z', 'Korv', 'Falukorv 800g', 'Remove', 1.00, NULL, NULL, 'SEK', 'Manual', NULL),
('2025-06-02T09:50:44.745Z', 'Knäckebröd', 'Husmans Knäckebröd', 'Add', 1.00, 18.90, 18.90, 'SEK', 'Receipt', 12),
('2025-06-02T09:50:45.745Z', 'Lök', 'Gullök i nät 1kg', 'Add', 1.00, 14.90, 14.90, 'SEK', 'Receipt', 12),
('2025-06-02T09:50:46.745Z', 'Ägg', 'Ägg Frigående 12-pack', 'Add', 1.00, 34.90, 34.90, 'SEK', 'Receipt', 12),
('2025-06-02T09:50:47.745Z', 'Yoghurt', 'Naturell Yoghurt 3% 1L', 'Add', 2.00, 22.50, 45.00, 'SEK', 'Receipt', 12),
('2025-06-02T09:50:48.745Z', 'Hushållspapper', 'Hushållspapper 4-rullar', 'Add', 1.00, 39.90, 39.90, 'SEK', 'Receipt', 12),
('2025-06-02T09:50:49.745Z', 'Ris', 'Jasminris 1kg', 'Add', 1.00, 32.90, 32.90, 'SEK', 'Receipt', 12),
('2025-06-02T09:50:50.745Z', 'Havregryn', 'Havregryn 750g', 'Add', 3.00, 16.90, 50.70, 'SEK', 'Receipt', 12),
('2025-06-02T09:50:51.745Z', 'Yoghurt', 'Naturell Yoghurt 3% 1L', 'Add', 1.00, 22.50, 22.50, 'SEK', 'Receipt', 12),
('2025-06-03T09:50:44.745Z', 'Ägg', 'Ägg Frigående 12-pack', 'Remove', 1.00, NULL, NULL, 'SEK', 'Manual', NULL),
('2025-06-03T09:50:44.745Z', 'Havregryn', 'Havregryn 750g', 'Remove', 1.00, NULL, NULL, 'SEK', 'Manual', NULL),
('2025-06-03T09:50:44.745Z', 'Gurka', 'Svensk Gurka', 'Remove', 1.00, NULL, NULL, 'SEK', 'Manual', NULL),
('2025-06-03T09:50:44.745Z', 'Gurka', 'Svensk Gurka', 'Remove', 1.00, NULL, NULL, 'SEK', 'Manual', NULL),
('2025-06-04T09:50:44.745Z', 'Lök', 'Gullök i nät 1kg', 'Remove', 1.00, NULL, NULL, 'SEK', 'Manual', NULL),
('2025-06-04T09:50:44.745Z', 'Fiskpinnar', 'Fiskpinnar 15-pack', 'Remove', 1.00, NULL, NULL, 'SEK', 'Manual', NULL),
('2025-06-05T09:50:44.745Z', 'Gräddfil', 'Gräddfil 12% 3dl', 'Remove', 1.00, NULL, NULL, 'SEK', 'Manual', NULL),
('2025-06-06T09:50:44.745Z', 'Yoghurt', 'Naturell Yoghurt 3% 1L', 'Remove', 1.00, NULL, NULL, 'SEK', 'Manual', NULL),
('2025-06-06T09:50:44.745Z', 'Lök', 'Gullök i nät 1kg', 'Remove', 1.00, NULL, NULL, 'SEK', 'Manual', NULL),
('2025-06-06T09:50:44.745Z', 'Fiskpinnar', 'Fiskpinnar 15-pack', 'Remove', 1.00, NULL, NULL, 'SEK', 'Manual', NULL),
('2025-06-06T09:50:44.745Z', 'Ris', 'Jasminris 1kg', 'Remove', 1.00, NULL, NULL, 'SEK', 'Manual', NULL),
('2025-06-07T09:50:44.745Z', 'Lax', 'Färsk Laxfilé 4-pack', 'Remove', 1.00, NULL, NULL, 'SEK', 'Manual', NULL),
('2025-06-09T09:50:44.745Z', 'Ärtor', 'Frysta Gröna Ärtor 500g', 'Add', 3.00, 19.90, 59.70, 'SEK', 'Receipt', 13),
('2025-06-09T09:50:45.745Z', 'Banan', 'Ekologiska Bananer', 'Add', 0.80, 24.90, 19.92, 'SEK', 'Receipt', 13),
('2025-06-09T09:50:46.745Z', 'Äpple', 'Svenska Äpplen Ingrid Marie', 'Add', 1.10, 29.90, 32.89, 'SEK', 'Receipt', 13),
('2025-06-09T09:50:47.745Z', 'Tomat', 'Kvisttomater', 'Add', 1.40, 39.90, 55.86, 'SEK', 'Receipt', 13),
('2025-06-09T09:50:48.745Z', 'Formfranska', 'Ljust Rostat Bröd', 'Add', 1.00, 22.90, 22.90, 'SEK', 'Receipt', 13),
('2025-06-09T09:50:49.745Z', 'Lök', 'Gullök i nät 1kg', 'Add', 1.00, 14.90, 14.90, 'SEK', 'Receipt', 13),
('2025-06-09T09:50:50.745Z', 'Hushållspapper', 'Hushållspapper 4-rullar', 'Add', 1.00, 39.90, 39.90, 'SEK', 'Receipt', 13),
('2025-06-09T09:50:51.745Z', 'Ost', 'Herrgård Herrgårdost 28% 700g', 'Add', 1.00, 89.00, 89.00, 'SEK', 'Receipt', 13),
('2025-06-09T09:50:52.745Z', 'Gurka', 'Svensk Gurka', 'Add', 1.00, 15.00, 15.00, 'SEK', 'Receipt', 13),
('2025-06-09T09:50:53.745Z', 'Potatis', 'Fast Potatis 2kg', 'Add', 2.00, 29.90, 59.80, 'SEK', 'Receipt', 13),
('2025-06-09T09:50:54.745Z', 'Banan', 'Ekologiska Bananer', 'Add', 1.00, 24.90, 24.90, 'SEK', 'Receipt', 13),
('2025-06-09T09:50:55.745Z', 'Olivolja', 'Extra Virgin Olivolja 500ml', 'Add', 1.00, 69.90, 69.90, 'SEK', 'Receipt', 13),
('2025-06-09T09:50:56.745Z', 'Tomat', 'Kvisttomater', 'Add', 0.70, 39.90, 27.93, 'SEK', 'Receipt', 13),
('2025-06-09T09:50:57.745Z', 'Potatis', 'Fast Potatis 2kg', 'Add', 2.00, 29.90, 59.80, 'SEK', 'Receipt', 13),
('2025-06-09T09:50:58.745Z', 'Gurka', 'Svensk Gurka', 'Add', 2.00, 15.00, 30.00, 'SEK', 'Receipt', 13),
('2025-06-10T09:50:44.745Z', 'Fiskpinnar', 'Fiskpinnar 15-pack', 'Remove', 1.00, NULL, NULL, 'SEK', 'Manual', NULL),
('2025-06-10T09:50:44.745Z', 'Banan', 'Ekologiska Bananer', 'Remove', 0.40, NULL, NULL, 'SEK', 'Manual', NULL),
('2025-06-10T09:50:44.745Z', 'Gräddfil', 'Gräddfil 12% 3dl', 'Remove', 1.00, NULL, NULL, 'SEK', 'Manual', NULL),
('2025-06-11T09:50:44.745Z', 'Lax', 'Färsk Laxfilé 4-pack', 'Remove', 1.00, NULL, NULL, 'SEK', 'Manual', NULL),
('2025-06-11T09:50:44.745Z', 'Havregryn', 'Havregryn 750g', 'Remove', 1.00, NULL, NULL, 'SEK', 'Manual', NULL),
('2025-06-12T09:50:44.745Z', 'Ärtor', 'Frysta Gröna Ärtor 500g', 'Remove', 1.00, NULL, NULL, 'SEK', 'Manual', NULL),
('2025-06-13T09:50:44.745Z', 'Knäckebröd', 'Husmans Knäckebröd', 'Remove', 1.00, NULL, NULL, 'SEK', 'Manual', NULL),
('2025-06-13T09:50:44.745Z', 'Potatis', 'Fast Potatis 2kg', 'Remove', 1.00, NULL, NULL, 'SEK', 'Manual', NULL),
('2025-06-13T09:50:44.745Z', 'Rågbröd', 'Mörkt Rågbröd Skivat', 'Remove', 1.00, NULL, NULL, 'SEK', 'Manual', NULL),
('2025-06-14T09:50:44.745Z', 'Gräddfil', 'Gräddfil 12% 3dl', 'Remove', 1.00, NULL, NULL, 'SEK', 'Manual', NULL),
('2025-06-15T09:50:44.745Z', 'Lök', 'Gullök i nät 1kg', 'Remove', 1.00, NULL, NULL, 'SEK', 'Manual', NULL);

INSERT INTO History (Timestamp, ItemName, ExpandedName, Action, Quantity, Price, TotalPrice, Currency, Source, ReceiptId) VALUES
('2025-06-15T09:50:44.745Z', 'Fiskpinnar', 'Fiskpinnar 15-pack', 'Remove', 1.00, NULL, NULL, 'SEK', 'Manual', NULL),
('2025-06-15T09:50:44.745Z', 'Ost', 'Herrgård Herrgårdost 28% 700g', 'Remove', 1.00, NULL, NULL, 'SEK', 'Manual', NULL),
('2025-06-16T09:50:44.745Z', 'Gräddfil', 'Gräddfil 12% 3dl', 'Remove', 1.00, NULL, NULL, 'SEK', 'Manual', NULL),
('2025-06-16T09:50:44.745Z', 'Formfranska', 'Ljust Rostat Bröd', 'Remove', 1.00, NULL, NULL, 'SEK', 'Manual', NULL),
('2025-06-12T09:50:44.745Z', 'Äpple', 'Svenska Äpplen Ingrid Marie', 'Add', 0.50, 29.90, 14.95, 'SEK', 'Receipt', 14),
('2025-06-12T09:50:45.745Z', 'Gräddfil', 'Gräddfil 12% 3dl', 'Add', 3.00, 12.50, 37.50, 'SEK', 'Receipt', 14),
('2025-06-12T09:50:46.745Z', 'Tomat', 'Kvisttomater', 'Add', 1.90, 39.90, 75.81, 'SEK', 'Receipt', 14),
('2025-06-12T09:50:47.745Z', 'Gräddfil', 'Gräddfil 12% 3dl', 'Add', 3.00, 12.50, 37.50, 'SEK', 'Receipt', 14),
('2025-06-12T09:50:48.745Z', 'Gräddfil', 'Gräddfil 12% 3dl', 'Add', 1.00, 12.50, 12.50, 'SEK', 'Receipt', 14),
('2025-06-12T09:50:49.745Z', 'Knäckebröd', 'Husmans Knäckebröd', 'Add', 1.00, 18.90, 18.90, 'SEK', 'Receipt', 14),
('2025-06-13T09:50:44.745Z', 'Olivolja', 'Extra Virgin Olivolja 500ml', 'Remove', 1.00, NULL, NULL, 'SEK', 'Manual', NULL),
('2025-06-13T09:50:44.745Z', 'Tomat', 'Kvisttomater', 'Remove', 0.30, NULL, NULL, 'SEK', 'Manual', NULL),
('2025-06-13T09:50:44.745Z', 'Potatis', 'Fast Potatis 2kg', 'Remove', 1.00, NULL, NULL, 'SEK', 'Manual', NULL),
('2025-06-14T09:50:44.745Z', 'Yoghurt', 'Naturell Yoghurt 3% 1L', 'Remove', 1.00, NULL, NULL, 'SEK', 'Manual', NULL),
('2025-06-15T09:50:44.745Z', 'Hushållspapper', 'Hushållspapper 4-rullar', 'Remove', 1.00, NULL, NULL, 'SEK', 'Manual', NULL),
('2025-06-15T09:50:44.745Z', 'Bacon', 'Alspånsrökt Bacon 140g', 'Remove', 1.00, NULL, NULL, 'SEK', 'Manual', NULL),
('2025-06-15T09:50:44.745Z', 'Tomat', 'Kvisttomater', 'Remove', 0.30, NULL, NULL, 'SEK', 'Manual', NULL),
('2025-06-15T09:50:44.745Z', 'Bacon', 'Alspånsrökt Bacon 140g', 'Remove', 1.00, NULL, NULL, 'SEK', 'Manual', NULL),
('2025-06-19T09:50:44.745Z', 'Formfranska', 'Ljust Rostat Bröd', 'Add', 1.00, 22.90, 22.90, 'SEK', 'Receipt', 15),
('2025-06-19T09:50:45.745Z', 'Morot', 'Morötter i påse 1kg', 'Add', 1.00, 12.90, 12.90, 'SEK', 'Receipt', 15),
('2025-06-19T09:50:46.745Z', 'Olivolja', 'Extra Virgin Olivolja 500ml', 'Add', 1.00, 69.90, 69.90, 'SEK', 'Receipt', 15),
('2025-06-19T09:50:47.745Z', 'Pasta', 'Spaghetti 1kg', 'Add', 3.00, 24.90, 74.70, 'SEK', 'Receipt', 15),
('2025-06-19T09:50:48.745Z', 'Havregryn', 'Havregryn 750g', 'Add', 1.00, 16.90, 16.90, 'SEK', 'Receipt', 15),
('2025-06-20T09:50:44.745Z', 'Potatis', 'Fast Potatis 2kg', 'Remove', 1.00, NULL, NULL, 'SEK', 'Manual', NULL),
('2025-06-20T09:50:44.745Z', 'Banan', 'Ekologiska Bananer', 'Remove', 0.30, NULL, NULL, 'SEK', 'Manual', NULL),
('2025-06-21T09:50:44.745Z', 'Havregryn', 'Havregryn 750g', 'Remove', 1.00, NULL, NULL, 'SEK', 'Manual', NULL),
('2025-06-21T09:50:44.745Z', 'Hushållspapper', 'Hushållspapper 4-rullar', 'Remove', 1.00, NULL, NULL, 'SEK', 'Manual', NULL),
('2025-06-22T09:50:44.745Z', 'Äpple', 'Svenska Äpplen Ingrid Marie', 'Remove', 0.40, NULL, NULL, 'SEK', 'Manual', NULL),
('2025-06-22T09:50:44.745Z', 'Knäckebröd', 'Husmans Knäckebröd', 'Remove', 1.00, NULL, NULL, 'SEK', 'Manual', NULL),
('2025-06-22T09:50:44.745Z', 'Ärtor', 'Frysta Gröna Ärtor 500g', 'Remove', 1.00, NULL, NULL, 'SEK', 'Manual', NULL),
('2025-06-22T09:50:44.745Z', 'Bacon', 'Alspånsrökt Bacon 140g', 'Remove', 1.00, NULL, NULL, 'SEK', 'Manual', NULL),
('2025-06-23T09:50:44.745Z', 'Banan', 'Ekologiska Bananer', 'Remove', 0.40, NULL, NULL, 'SEK', 'Manual', NULL),
('2025-06-23T09:50:44.745Z', 'Gurka', 'Svensk Gurka', 'Remove', 1.00, NULL, NULL, 'SEK', 'Manual', NULL),
('2025-06-23T09:50:44.745Z', 'Yoghurt', 'Naturell Yoghurt 3% 1L', 'Remove', 1.00, NULL, NULL, 'SEK', 'Manual', NULL),
('2025-06-24T09:50:44.745Z', 'Formfranska', 'Ljust Rostat Bröd', 'Remove', 1.00, NULL, NULL, 'SEK', 'Manual', NULL),
('2025-06-24T09:50:44.745Z', 'Yoghurt', 'Naturell Yoghurt 3% 1L', 'Remove', 1.00, NULL, NULL, 'SEK', 'Manual', NULL),
('2025-06-24T09:50:44.745Z', 'Banan', 'Ekologiska Bananer', 'Remove', 0.40, NULL, NULL, 'SEK', 'Manual', NULL),
('2025-06-25T09:50:44.745Z', 'Äpple', 'Svenska Äpplen Ingrid Marie', 'Remove', 0.30, NULL, NULL, 'SEK', 'Manual', NULL),
('2025-06-25T09:50:44.745Z', 'Rågbröd', 'Mörkt Rågbröd Skivat', 'Remove', 1.00, NULL, NULL, 'SEK', 'Manual', NULL),
('2025-06-25T09:50:44.745Z', 'Tomat', 'Kvisttomater', 'Remove', 0.20, NULL, NULL, 'SEK', 'Manual', NULL),
('2025-06-25T09:50:44.745Z', 'Olivolja', 'Extra Virgin Olivolja 500ml', 'Remove', 1.00, NULL, NULL, 'SEK', 'Manual', NULL),
('2025-06-26T09:50:44.745Z', 'Banan', 'Ekologiska Bananer', 'Remove', 0.30, NULL, NULL, 'SEK', 'Manual', NULL),
('2025-06-24T09:50:44.745Z', 'Smör', 'Svenskt Smör Normalsaltat 500g', 'Add', 1.00, 62.90, 62.90, 'SEK', 'Receipt', 16),
('2025-06-24T09:50:45.745Z', 'Havregryn', 'Havregryn 750g', 'Add', 3.00, 16.90, 50.70, 'SEK', 'Receipt', 16),
('2025-06-24T09:50:46.745Z', 'Gräddfil', 'Gräddfil 12% 3dl', 'Add', 3.00, 12.50, 37.50, 'SEK', 'Receipt', 16),
('2025-06-24T09:50:47.745Z', 'Tvättmedel', 'Kulörtvättmedel 1kg', 'Add', 1.00, 45.00, 45.00, 'SEK', 'Receipt', 16),
('2025-06-24T09:50:48.745Z', 'Pommes frites', 'Strips 1kg', 'Add', 1.00, 29.90, 29.90, 'SEK', 'Receipt', 16),
('2025-06-24T09:50:49.745Z', 'Lök', 'Gullök i nät 1kg', 'Add', 3.00, 14.90, 44.70, 'SEK', 'Receipt', 16),
('2025-06-24T09:50:50.745Z', 'Fiskpinnar', 'Fiskpinnar 15-pack', 'Add', 1.00, 34.90, 34.90, 'SEK', 'Receipt', 16),
('2025-06-25T09:50:44.745Z', 'Havregryn', 'Havregryn 750g', 'Remove', 1.00, NULL, NULL, 'SEK', 'Manual', NULL),
('2025-06-26T09:50:44.745Z', 'Rågbröd', 'Mörkt Rågbröd Skivat', 'Remove', 1.00, NULL, NULL, 'SEK', 'Manual', NULL),
('2025-06-26T09:50:44.745Z', 'Tvättmedel', 'Kulörtvättmedel 1kg', 'Remove', 1.00, NULL, NULL, 'SEK', 'Manual', NULL),
('2025-06-26T09:50:44.745Z', 'Havregryn', 'Havregryn 750g', 'Remove', 1.00, NULL, NULL, 'SEK', 'Manual', NULL),
('2025-06-27T09:50:44.745Z', 'Lök', 'Gullök i nät 1kg', 'Remove', 1.00, NULL, NULL, 'SEK', 'Manual', NULL),
('2025-06-27T09:50:44.745Z', 'Pommes frites', 'Strips 1kg', 'Remove', 1.00, NULL, NULL, 'SEK', 'Manual', NULL),
('2025-06-27T09:50:44.745Z', 'Gurka', 'Svensk Gurka', 'Remove', 1.00, NULL, NULL, 'SEK', 'Manual', NULL),
('2025-06-28T09:50:44.745Z', 'Gurka', 'Svensk Gurka', 'Remove', 1.00, NULL, NULL, 'SEK', 'Manual', NULL),
('2025-06-28T09:50:44.745Z', 'Morot', 'Morötter i påse 1kg', 'Remove', 1.00, NULL, NULL, 'SEK', 'Manual', NULL),
('2025-06-28T09:50:44.745Z', 'Havregryn', 'Havregryn 750g', 'Remove', 1.00, NULL, NULL, 'SEK', 'Manual', NULL),
('2025-06-29T09:50:44.745Z', 'Formfranska', 'Ljust Rostat Bröd', 'Remove', 1.00, NULL, NULL, 'SEK', 'Manual', NULL),
('2025-06-29T09:50:44.745Z', 'Banan', 'Ekologiska Bananer', 'Remove', 0.20, NULL, NULL, 'SEK', 'Manual', NULL),
('2025-06-29T09:50:44.745Z', 'Ärtor', 'Frysta Gröna Ärtor 500g', 'Remove', 1.00, NULL, NULL, 'SEK', 'Manual', NULL),
('2025-06-29T09:50:44.745Z', 'Äpple', 'Svenska Äpplen Ingrid Marie', 'Remove', 0.20, NULL, NULL, 'SEK', 'Manual', NULL),
('2025-06-28T09:50:44.745Z', 'Rågbröd', 'Mörkt Rågbröd Skivat', 'Add', 2.00, 26.90, 53.80, 'SEK', 'Receipt', 17),
('2025-06-28T09:50:45.745Z', 'Pommes frites', 'Strips 1kg', 'Add', 2.00, 29.90, 59.80, 'SEK', 'Receipt', 17),
('2025-06-28T09:50:46.745Z', 'Fiskpinnar', 'Fiskpinnar 15-pack', 'Add', 1.00, 34.90, 34.90, 'SEK', 'Receipt', 17),
('2025-06-28T09:50:47.745Z', 'Potatis', 'Fast Potatis 2kg', 'Add', 2.00, 29.90, 59.80, 'SEK', 'Receipt', 17),
('2025-06-28T09:50:48.745Z', 'Tvättmedel', 'Kulörtvättmedel 1kg', 'Add', 1.00, 45.00, 45.00, 'SEK', 'Receipt', 17),
('2025-06-28T09:50:49.745Z', 'Krossade tomater', 'Krossade Tomater 400g', 'Add', 2.00, 11.90, 23.80, 'SEK', 'Receipt', 17),
('2025-06-28T09:50:50.745Z', 'Tvättmedel', 'Kulörtvättmedel 1kg', 'Add', 1.00, 45.00, 45.00, 'SEK', 'Receipt', 17),
('2025-06-28T09:50:51.745Z', 'Mjölk', 'Mellanmjölk 1.5% 1L', 'Add', 3.00, 14.90, 44.70, 'SEK', 'Receipt', 17),
('2025-06-28T09:50:52.745Z', 'Köttfärs', 'Nötfärs 12% 500g', 'Add', 1.00, 59.90, 59.90, 'SEK', 'Receipt', 17),
('2025-06-28T09:50:53.745Z', 'Yoghurt', 'Naturell Yoghurt 3% 1L', 'Add', 2.00, 22.50, 45.00, 'SEK', 'Receipt', 17),
('2025-06-28T09:50:54.745Z', 'Lax', 'Färsk Laxfilé 4-pack', 'Add', 1.00, 99.00, 99.00, 'SEK', 'Receipt', 17),
('2025-06-28T09:50:55.745Z', 'Rågbröd', 'Mörkt Rågbröd Skivat', 'Add', 1.00, 26.90, 26.90, 'SEK', 'Receipt', 17),
('2025-06-28T09:50:56.745Z', 'Potatis', 'Fast Potatis 2kg', 'Add', 2.00, 29.90, 59.80, 'SEK', 'Receipt', 17),
('2025-06-29T09:50:44.745Z', 'Äpple', 'Svenska Äpplen Ingrid Marie', 'Remove', 0.40, NULL, NULL, 'SEK', 'Manual', NULL),
('2025-06-29T09:50:44.745Z', 'Mjölk', 'Mellanmjölk 1.5% 1L', 'Remove', 1.00, NULL, NULL, 'SEK', 'Manual', NULL),
('2025-06-29T09:50:44.745Z', 'Potatis', 'Fast Potatis 2kg', 'Remove', 1.00, NULL, NULL, 'SEK', 'Manual', NULL),
('2025-06-29T09:50:44.745Z', 'Tvättmedel', 'Kulörtvättmedel 1kg', 'Remove', 1.00, NULL, NULL, 'SEK', 'Manual', NULL),
('2025-06-30T09:50:44.745Z', 'Yoghurt', 'Naturell Yoghurt 3% 1L', 'Remove', 1.00, NULL, NULL, 'SEK', 'Manual', NULL),
('2025-07-01T09:50:44.745Z', 'Banan', 'Ekologiska Bananer', 'Remove', 0.40, NULL, NULL, 'SEK', 'Manual', NULL),
('2025-07-01T09:50:44.745Z', 'Krossade tomater', 'Krossade Tomater 400g', 'Remove', 1.00, NULL, NULL, 'SEK', 'Manual', NULL),
('2025-07-01T09:50:44.745Z', 'Pasta', 'Spaghetti 1kg', 'Remove', 1.00, NULL, NULL, 'SEK', 'Manual', NULL),
('2025-07-01T09:50:44.745Z', 'Potatis', 'Fast Potatis 2kg', 'Remove', 1.00, NULL, NULL, 'SEK', 'Manual', NULL),
('2025-07-02T09:50:44.745Z', 'Potatis', 'Fast Potatis 2kg', 'Remove', 1.00, NULL, NULL, 'SEK', 'Manual', NULL),
('2025-07-02T09:50:44.745Z', 'Yoghurt', 'Naturell Yoghurt 3% 1L', 'Remove', 1.00, NULL, NULL, 'SEK', 'Manual', NULL),
('2025-07-02T09:50:44.745Z', 'Pommes frites', 'Strips 1kg', 'Remove', 1.00, NULL, NULL, 'SEK', 'Manual', NULL),
('2025-07-02T09:50:44.745Z', 'Pasta', 'Spaghetti 1kg', 'Remove', 1.00, NULL, NULL, 'SEK', 'Manual', NULL),
('2025-07-02T09:50:44.745Z', 'Bacon', 'Alspånsrökt Bacon 140g', 'Add', 1.00, 14.90, 14.90, 'SEK', 'Receipt', 18),
('2025-07-02T09:50:45.745Z', 'Hushållspapper', 'Hushållspapper 4-rullar', 'Add', 1.00, 39.90, 39.90, 'SEK', 'Receipt', 18),
('2025-07-02T09:50:46.745Z', 'Rågbröd', 'Mörkt Rågbröd Skivat', 'Add', 1.00, 26.90, 26.90, 'SEK', 'Receipt', 18),
('2025-07-02T09:50:47.745Z', 'Potatis', 'Fast Potatis 2kg', 'Add', 2.00, 29.90, 59.80, 'SEK', 'Receipt', 18),
('2025-07-02T09:50:48.745Z', 'Korv', 'Falukorv 800g', 'Add', 1.00, 44.90, 44.90, 'SEK', 'Receipt', 18),
('2025-07-02T09:50:49.745Z', 'Banan', 'Ekologiska Bananer', 'Add', 1.30, 24.90, 32.37, 'SEK', 'Receipt', 18),
('2025-07-02T09:50:50.745Z', 'Smör', 'Svenskt Smör Normalsaltat 500g', 'Add', 1.00, 62.90, 62.90, 'SEK', 'Receipt', 18),
('2025-07-02T09:50:51.745Z', 'Pommes frites', 'Strips 1kg', 'Add', 2.00, 29.90, 59.80, 'SEK', 'Receipt', 18),
('2025-07-02T09:50:52.745Z', 'Banan', 'Ekologiska Bananer', 'Add', 1.50, 24.90, 37.35, 'SEK', 'Receipt', 18),
('2025-07-02T09:50:53.745Z', 'Pasta', 'Spaghetti 1kg', 'Add', 1.00, 24.90, 24.90, 'SEK', 'Receipt', 18),
('2025-07-02T09:50:54.745Z', 'Ägg', 'Ägg Frigående 12-pack', 'Add', 1.00, 34.90, 34.90, 'SEK', 'Receipt', 18);

INSERT INTO History (Timestamp, ItemName, ExpandedName, Action, Quantity, Price, TotalPrice, Currency, Source, ReceiptId) VALUES
('2025-07-03T09:50:44.745Z', 'Köttfärs', 'Nötfärs 12% 500g', 'Remove', 1.00, NULL, NULL, 'SEK', 'Manual', NULL),
('2025-07-03T09:50:44.745Z', 'Tvättmedel', 'Kulörtvättmedel 1kg', 'Remove', 1.00, NULL, NULL, 'SEK', 'Manual', NULL),
('2025-07-03T09:50:44.745Z', 'Havregryn', 'Havregryn 750g', 'Remove', 1.00, NULL, NULL, 'SEK', 'Manual', NULL),
('2025-07-03T09:50:44.745Z', 'Krossade tomater', 'Krossade Tomater 400g', 'Remove', 1.00, NULL, NULL, 'SEK', 'Manual', NULL),
('2025-07-04T09:50:44.745Z', 'Bacon', 'Alspånsrökt Bacon 140g', 'Remove', 1.00, NULL, NULL, 'SEK', 'Manual', NULL),
('2025-07-05T09:50:44.745Z', 'Korv', 'Falukorv 800g', 'Remove', 1.00, NULL, NULL, 'SEK', 'Manual', NULL),
('2025-07-05T09:50:44.745Z', 'Ägg', 'Ägg Frigående 12-pack', 'Remove', 1.00, NULL, NULL, 'SEK', 'Manual', NULL),
('2025-07-05T09:50:44.745Z', 'Äpple', 'Svenska Äpplen Ingrid Marie', 'Remove', 0.40, NULL, NULL, 'SEK', 'Manual', NULL),
('2025-07-06T09:50:44.745Z', 'Bacon', 'Alspånsrökt Bacon 140g', 'Remove', 1.00, NULL, NULL, 'SEK', 'Manual', NULL),
('2025-07-09T09:50:44.745Z', 'Rågbröd', 'Mörkt Rågbröd Skivat', 'Add', 1.00, 26.90, 26.90, 'SEK', 'Receipt', 19),
('2025-07-09T09:50:45.745Z', 'Yoghurt', 'Naturell Yoghurt 3% 1L', 'Add', 1.00, 22.50, 22.50, 'SEK', 'Receipt', 19),
('2025-07-09T09:50:46.745Z', 'Hushållspapper', 'Hushållspapper 4-rullar', 'Add', 1.00, 39.90, 39.90, 'SEK', 'Receipt', 19),
('2025-07-09T09:50:47.745Z', 'Lök', 'Gullök i nät 1kg', 'Add', 1.00, 14.90, 14.90, 'SEK', 'Receipt', 19),
('2025-07-09T09:50:48.745Z', 'Pasta', 'Spaghetti 1kg', 'Add', 3.00, 24.90, 74.70, 'SEK', 'Receipt', 19),
('2025-07-09T09:50:49.745Z', 'Bacon', 'Alspånsrökt Bacon 140g', 'Add', 3.00, 14.90, 44.70, 'SEK', 'Receipt', 19),
('2025-07-09T09:50:50.745Z', 'Kaffe', 'Mellanrost Bryggkaffe 500g', 'Add', 1.00, 54.90, 54.90, 'SEK', 'Receipt', 19),
('2025-07-09T09:50:51.745Z', 'Tomat', 'Kvisttomater', 'Add', 0.80, 39.90, 31.92, 'SEK', 'Receipt', 19),
('2025-07-09T09:50:52.745Z', 'Köttfärs', 'Nötfärs 12% 500g', 'Add', 1.00, 59.90, 59.90, 'SEK', 'Receipt', 19),
('2025-07-09T09:50:53.745Z', 'Olivolja', 'Extra Virgin Olivolja 500ml', 'Add', 1.00, 69.90, 69.90, 'SEK', 'Receipt', 19),
('2025-07-10T09:50:44.745Z', 'Olivolja', 'Extra Virgin Olivolja 500ml', 'Remove', 1.00, NULL, NULL, 'SEK', 'Manual', NULL),
('2025-07-10T09:50:44.745Z', 'Pasta', 'Spaghetti 1kg', 'Remove', 1.00, NULL, NULL, 'SEK', 'Manual', NULL),
('2025-07-10T09:50:44.745Z', 'Smör', 'Svenskt Smör Normalsaltat 500g', 'Remove', 1.00, NULL, NULL, 'SEK', 'Manual', NULL),
('2025-07-10T09:50:44.745Z', 'Lax', 'Färsk Laxfilé 4-pack', 'Remove', 1.00, NULL, NULL, 'SEK', 'Manual', NULL),
('2025-07-11T09:50:44.745Z', 'Bacon', 'Alspånsrökt Bacon 140g', 'Remove', 1.00, NULL, NULL, 'SEK', 'Manual', NULL),
('2025-07-11T09:50:44.745Z', 'Bacon', 'Alspånsrökt Bacon 140g', 'Remove', 1.00, NULL, NULL, 'SEK', 'Manual', NULL),
('2025-07-11T09:50:44.745Z', 'Formfranska', 'Ljust Rostat Bröd', 'Remove', 1.00, NULL, NULL, 'SEK', 'Manual', NULL),
('2025-07-12T09:50:44.745Z', 'Smör', 'Svenskt Smör Normalsaltat 500g', 'Remove', 1.00, NULL, NULL, 'SEK', 'Manual', NULL),
('2025-07-12T09:50:44.745Z', 'Kaffe', 'Mellanrost Bryggkaffe 500g', 'Remove', 1.00, NULL, NULL, 'SEK', 'Manual', NULL),
('2025-07-12T09:50:44.745Z', 'Gräddfil', 'Gräddfil 12% 3dl', 'Remove', 1.00, NULL, NULL, 'SEK', 'Manual', NULL),
('2025-07-12T09:50:44.745Z', 'Rågbröd', 'Mörkt Rågbröd Skivat', 'Remove', 1.00, NULL, NULL, 'SEK', 'Manual', NULL),
('2025-07-13T09:50:44.745Z', 'Mjölk', 'Mellanmjölk 1.5% 1L', 'Remove', 1.00, NULL, NULL, 'SEK', 'Manual', NULL),
('2025-07-13T09:50:44.745Z', 'Rågbröd', 'Mörkt Rågbröd Skivat', 'Remove', 1.00, NULL, NULL, 'SEK', 'Manual', NULL),
('2025-07-14T09:50:44.745Z', 'Köttfärs', 'Nötfärs 12% 500g', 'Remove', 1.00, NULL, NULL, 'SEK', 'Manual', NULL),
('2025-07-14T09:50:44.745Z', 'Bacon', 'Alspånsrökt Bacon 140g', 'Remove', 1.00, NULL, NULL, 'SEK', 'Manual', NULL),
('2025-07-14T09:50:44.745Z', 'Pasta', 'Spaghetti 1kg', 'Remove', 1.00, NULL, NULL, 'SEK', 'Manual', NULL),
('2025-07-14T09:50:44.745Z', 'Formfranska', 'Ljust Rostat Bröd', 'Remove', 1.00, NULL, NULL, 'SEK', 'Manual', NULL),
('2025-07-15T09:50:44.745Z', 'Potatis', 'Fast Potatis 2kg', 'Remove', 1.00, NULL, NULL, 'SEK', 'Manual', NULL),
('2025-07-15T09:50:44.745Z', 'Yoghurt', 'Naturell Yoghurt 3% 1L', 'Remove', 1.00, NULL, NULL, 'SEK', 'Manual', NULL),
('2025-07-15T09:50:44.745Z', 'Pasta', 'Spaghetti 1kg', 'Remove', 1.00, NULL, NULL, 'SEK', 'Manual', NULL),
('2025-07-16T09:50:44.745Z', 'Mjölk', 'Mellanmjölk 1.5% 1L', 'Remove', 1.00, NULL, NULL, 'SEK', 'Manual', NULL),
('2025-07-16T09:50:44.745Z', 'Formfranska', 'Ljust Rostat Bröd', 'Remove', 1.00, NULL, NULL, 'SEK', 'Manual', NULL),
('2025-07-16T09:50:44.745Z', 'Fiskpinnar', 'Fiskpinnar 15-pack', 'Remove', 1.00, NULL, NULL, 'SEK', 'Manual', NULL),
('2025-07-16T09:50:44.745Z', 'Bacon', 'Alspånsrökt Bacon 140g', 'Remove', 1.00, NULL, NULL, 'SEK', 'Manual', NULL),
('2025-07-14T09:50:44.745Z', 'Olivolja', 'Extra Virgin Olivolja 500ml', 'Add', 1.00, 69.90, 69.90, 'SEK', 'Receipt', 20),
('2025-07-14T09:50:45.745Z', 'Knäckebröd', 'Husmans Knäckebröd', 'Add', 1.00, 18.90, 18.90, 'SEK', 'Receipt', 20),
('2025-07-14T09:50:46.745Z', 'Ost', 'Herrgård Herrgårdost 28% 700g', 'Add', 1.00, 89.00, 89.00, 'SEK', 'Receipt', 20),
('2025-07-14T09:50:47.745Z', 'Banan', 'Ekologiska Bananer', 'Add', 1.30, 24.90, 32.37, 'SEK', 'Receipt', 20),
('2025-07-14T09:50:48.745Z', 'Hushållspapper', 'Hushållspapper 4-rullar', 'Add', 1.00, 39.90, 39.90, 'SEK', 'Receipt', 20),
('2025-07-14T09:50:49.745Z', 'Pommes frites', 'Strips 1kg', 'Add', 1.00, 29.90, 29.90, 'SEK', 'Receipt', 20),
('2025-07-14T09:50:50.745Z', 'Hushållspapper', 'Hushållspapper 4-rullar', 'Add', 1.00, 39.90, 39.90, 'SEK', 'Receipt', 20),
('2025-07-14T09:50:51.745Z', 'Potatis', 'Fast Potatis 2kg', 'Add', 3.00, 29.90, 89.70, 'SEK', 'Receipt', 20),
('2025-07-14T09:50:52.745Z', 'Olivolja', 'Extra Virgin Olivolja 500ml', 'Add', 1.00, 69.90, 69.90, 'SEK', 'Receipt', 20),
('2025-07-14T09:50:53.745Z', 'Yoghurt', 'Naturell Yoghurt 3% 1L', 'Add', 3.00, 22.50, 67.50, 'SEK', 'Receipt', 20),
('2025-07-14T09:50:54.745Z', 'Tvättmedel', 'Kulörtvättmedel 1kg', 'Add', 1.00, 45.00, 45.00, 'SEK', 'Receipt', 20),
('2025-07-14T09:50:55.745Z', 'Yoghurt', 'Naturell Yoghurt 3% 1L', 'Add', 2.00, 22.50, 45.00, 'SEK', 'Receipt', 20),
('2025-07-14T09:50:56.745Z', 'Ost', 'Herrgård Herrgårdost 28% 700g', 'Add', 1.00, 89.00, 89.00, 'SEK', 'Receipt', 20),
('2025-07-14T09:50:57.745Z', 'Gurka', 'Svensk Gurka', 'Add', 3.00, 15.00, 45.00, 'SEK', 'Receipt', 20),
('2025-07-15T09:50:44.745Z', 'Tomat', 'Kvisttomater', 'Remove', 0.30, NULL, NULL, 'SEK', 'Manual', NULL),
('2025-07-16T09:50:44.745Z', 'Pasta', 'Spaghetti 1kg', 'Remove', 1.00, NULL, NULL, 'SEK', 'Manual', NULL),
('2025-07-17T09:50:44.745Z', 'Rågbröd', 'Mörkt Rågbröd Skivat', 'Remove', 1.00, NULL, NULL, 'SEK', 'Manual', NULL),
('2025-07-17T09:50:44.745Z', 'Rågbröd', 'Mörkt Rågbröd Skivat', 'Remove', 1.00, NULL, NULL, 'SEK', 'Manual', NULL),
('2025-07-17T09:50:44.745Z', 'Ost', 'Herrgård Herrgårdost 28% 700g', 'Remove', 1.00, NULL, NULL, 'SEK', 'Manual', NULL),
('2025-07-17T09:50:44.745Z', 'Lök', 'Gullök i nät 1kg', 'Remove', 1.00, NULL, NULL, 'SEK', 'Manual', NULL),
('2025-07-18T09:50:44.745Z', 'Pasta', 'Spaghetti 1kg', 'Remove', 1.00, NULL, NULL, 'SEK', 'Manual', NULL),
('2025-07-19T09:50:44.745Z', 'Ost', 'Herrgård Herrgårdost 28% 700g', 'Remove', 1.00, NULL, NULL, 'SEK', 'Manual', NULL),
('2025-07-19T09:50:44.745Z', 'Knäckebröd', 'Husmans Knäckebröd', 'Remove', 1.00, NULL, NULL, 'SEK', 'Manual', NULL),
('2025-07-19T09:50:44.745Z', 'Tomat', 'Kvisttomater', 'Remove', 0.30, NULL, NULL, 'SEK', 'Manual', NULL),
('2025-07-21T09:50:44.745Z', 'Morot', 'Morötter i påse 1kg', 'Add', 3.00, 12.90, 38.70, 'SEK', 'Receipt', 21),
('2025-07-21T09:50:45.745Z', 'Formfranska', 'Ljust Rostat Bröd', 'Add', 2.00, 22.90, 45.80, 'SEK', 'Receipt', 21),
('2025-07-21T09:50:46.745Z', 'Korv', 'Falukorv 800g', 'Add', 1.00, 44.90, 44.90, 'SEK', 'Receipt', 21),
('2025-07-21T09:50:47.745Z', 'Olivolja', 'Extra Virgin Olivolja 500ml', 'Add', 1.00, 69.90, 69.90, 'SEK', 'Receipt', 21),
('2025-07-21T09:50:48.745Z', 'Rågbröd', 'Mörkt Rågbröd Skivat', 'Add', 2.00, 26.90, 53.80, 'SEK', 'Receipt', 21),
('2025-07-21T09:50:49.745Z', 'Mjölk', 'Mellanmjölk 1.5% 1L', 'Add', 2.00, 14.90, 29.80, 'SEK', 'Receipt', 21),
('2025-07-21T09:50:50.745Z', 'Ärtor', 'Frysta Gröna Ärtor 500g', 'Add', 3.00, 19.90, 59.70, 'SEK', 'Receipt', 21),
('2025-07-22T09:50:44.745Z', 'Gurka', 'Svensk Gurka', 'Remove', 1.00, NULL, NULL, 'SEK', 'Manual', NULL),
('2025-07-22T09:50:44.745Z', 'Potatis', 'Fast Potatis 2kg', 'Remove', 1.00, NULL, NULL, 'SEK', 'Manual', NULL),
('2025-07-22T09:50:44.745Z', 'Morot', 'Morötter i påse 1kg', 'Remove', 1.00, NULL, NULL, 'SEK', 'Manual', NULL),
('2025-07-22T09:50:44.745Z', 'Rågbröd', 'Mörkt Rågbröd Skivat', 'Remove', 1.00, NULL, NULL, 'SEK', 'Manual', NULL),
('2025-07-23T09:50:44.745Z', 'Olivolja', 'Extra Virgin Olivolja 500ml', 'Remove', 1.00, NULL, NULL, 'SEK', 'Manual', NULL),
('2025-07-23T09:50:44.745Z', 'Fiskpinnar', 'Fiskpinnar 15-pack', 'Remove', 1.00, NULL, NULL, 'SEK', 'Manual', NULL),
('2025-07-24T09:50:44.745Z', 'Ärtor', 'Frysta Gröna Ärtor 500g', 'Remove', 1.00, NULL, NULL, 'SEK', 'Manual', NULL),
('2025-07-24T09:50:44.745Z', 'Tvättmedel', 'Kulörtvättmedel 1kg', 'Remove', 1.00, NULL, NULL, 'SEK', 'Manual', NULL),
('2025-07-25T09:50:44.745Z', 'Potatis', 'Fast Potatis 2kg', 'Remove', 1.00, NULL, NULL, 'SEK', 'Manual', NULL),
('2025-07-25T09:50:44.745Z', 'Gurka', 'Svensk Gurka', 'Remove', 1.00, NULL, NULL, 'SEK', 'Manual', NULL),
('2025-07-26T09:50:44.745Z', 'Tomat', 'Kvisttomater', 'Remove', 0.30, NULL, NULL, 'SEK', 'Manual', NULL),
('2025-07-26T09:50:44.745Z', 'Potatis', 'Fast Potatis 2kg', 'Remove', 1.00, NULL, NULL, 'SEK', 'Manual', NULL),
('2025-07-26T09:50:44.745Z', 'Korv', 'Falukorv 800g', 'Remove', 1.00, NULL, NULL, 'SEK', 'Manual', NULL),
('2025-07-27T09:50:44.745Z', 'Pommes frites', 'Strips 1kg', 'Remove', 1.00, NULL, NULL, 'SEK', 'Manual', NULL),
('2025-07-27T09:50:44.745Z', 'Gräddfil', 'Gräddfil 12% 3dl', 'Remove', 1.00, NULL, NULL, 'SEK', 'Manual', NULL),
('2025-07-27T09:50:44.745Z', 'Pommes frites', 'Strips 1kg', 'Remove', 1.00, NULL, NULL, 'SEK', 'Manual', NULL),
('2025-07-27T09:50:44.745Z', 'Ärtor', 'Frysta Gröna Ärtor 500g', 'Remove', 1.00, NULL, NULL, 'SEK', 'Manual', NULL),
('2025-07-28T09:50:44.745Z', 'Potatis', 'Fast Potatis 2kg', 'Remove', 1.00, NULL, NULL, 'SEK', 'Manual', NULL),
('2025-07-28T09:50:44.745Z', 'Lök', 'Gullök i nät 1kg', 'Add', 2.00, 14.90, 29.80, 'SEK', 'Receipt', 22),
('2025-07-28T09:50:45.745Z', 'Ärtor', 'Frysta Gröna Ärtor 500g', 'Add', 3.00, 19.90, 59.70, 'SEK', 'Receipt', 22),
('2025-07-28T09:50:46.745Z', 'Gräddfil', 'Gräddfil 12% 3dl', 'Add', 3.00, 12.50, 37.50, 'SEK', 'Receipt', 22),
('2025-07-28T09:50:47.745Z', 'Korv', 'Falukorv 800g', 'Add', 1.00, 44.90, 44.90, 'SEK', 'Receipt', 22),
('2025-07-28T09:50:48.745Z', 'Rågbröd', 'Mörkt Rågbröd Skivat', 'Add', 2.00, 26.90, 53.80, 'SEK', 'Receipt', 22),
('2025-07-28T09:50:49.745Z', 'Mjölk', 'Mellanmjölk 1.5% 1L', 'Add', 1.00, 14.90, 14.90, 'SEK', 'Receipt', 22),
('2025-07-28T09:50:50.745Z', 'Morot', 'Morötter i påse 1kg', 'Add', 2.00, 12.90, 25.80, 'SEK', 'Receipt', 22),
('2025-07-28T09:50:51.745Z', 'Gräddfil', 'Gräddfil 12% 3dl', 'Add', 2.00, 12.50, 25.00, 'SEK', 'Receipt', 22);

INSERT INTO History (Timestamp, ItemName, ExpandedName, Action, Quantity, Price, TotalPrice, Currency, Source, ReceiptId) VALUES
('2025-07-28T09:50:52.745Z', 'Mjölk', 'Mellanmjölk 1.5% 1L', 'Add', 2.00, 14.90, 29.80, 'SEK', 'Receipt', 22),
('2025-07-29T09:50:44.745Z', 'Ärtor', 'Frysta Gröna Ärtor 500g', 'Remove', 1.00, NULL, NULL, 'SEK', 'Manual', NULL),
('2025-07-29T09:50:44.745Z', 'Potatis', 'Fast Potatis 2kg', 'Remove', 1.00, NULL, NULL, 'SEK', 'Manual', NULL),
('2025-07-29T09:50:44.745Z', 'Yoghurt', 'Naturell Yoghurt 3% 1L', 'Remove', 1.00, NULL, NULL, 'SEK', 'Manual', NULL),
('2025-07-30T09:50:44.745Z', 'Ärtor', 'Frysta Gröna Ärtor 500g', 'Remove', 1.00, NULL, NULL, 'SEK', 'Manual', NULL),
('2025-07-31T09:50:44.745Z', 'Pommes frites', 'Strips 1kg', 'Remove', 1.00, NULL, NULL, 'SEK', 'Manual', NULL),
('2025-07-31T09:50:44.745Z', 'Olivolja', 'Extra Virgin Olivolja 500ml', 'Remove', 1.00, NULL, NULL, 'SEK', 'Manual', NULL),
('2025-08-01T09:50:44.745Z', 'Lök', 'Gullök i nät 1kg', 'Remove', 1.00, NULL, NULL, 'SEK', 'Manual', NULL),
('2025-08-01T09:50:44.745Z', 'Bacon', 'Alspånsrökt Bacon 140g', 'Remove', 1.00, NULL, NULL, 'SEK', 'Manual', NULL),
('2025-08-01T09:50:44.745Z', 'Tomat', 'Kvisttomater', 'Remove', 0.50, NULL, NULL, 'SEK', 'Manual', NULL),
('2025-08-01T09:50:44.745Z', 'Potatis', 'Fast Potatis 2kg', 'Remove', 1.00, NULL, NULL, 'SEK', 'Manual', NULL),
('2025-08-02T09:50:44.745Z', 'Hushållspapper', 'Hushållspapper 4-rullar', 'Remove', 1.00, NULL, NULL, 'SEK', 'Manual', NULL),
('2025-08-02T09:50:44.745Z', 'Gurka', 'Svensk Gurka', 'Remove', 1.00, NULL, NULL, 'SEK', 'Manual', NULL),
('2025-08-02T09:50:44.745Z', 'Ärtor', 'Frysta Gröna Ärtor 500g', 'Remove', 1.00, NULL, NULL, 'SEK', 'Manual', NULL),
('2025-08-02T09:50:44.745Z', 'Banan', 'Ekologiska Bananer', 'Remove', 0.50, NULL, NULL, 'SEK', 'Manual', NULL),
('2025-08-03T09:50:44.745Z', 'Ärtor', 'Frysta Gröna Ärtor 500g', 'Remove', 1.00, NULL, NULL, 'SEK', 'Manual', NULL),
('2025-08-04T09:50:44.745Z', 'Pommes frites', 'Strips 1kg', 'Remove', 1.00, NULL, NULL, 'SEK', 'Manual', NULL),
('2025-08-04T09:50:44.745Z', 'Gräddfil', 'Gräddfil 12% 3dl', 'Remove', 1.00, NULL, NULL, 'SEK', 'Manual', NULL),
('2025-08-04T09:50:44.745Z', 'Morot', 'Morötter i påse 1kg', 'Remove', 1.00, NULL, NULL, 'SEK', 'Manual', NULL),
('2025-08-03T09:50:44.745Z', 'Banan', 'Ekologiska Bananer', 'Add', 1.40, 24.90, 34.86, 'SEK', 'Receipt', 23),
('2025-08-03T09:50:45.745Z', 'Pommes frites', 'Strips 1kg', 'Add', 1.00, 29.90, 29.90, 'SEK', 'Receipt', 23),
('2025-08-03T09:50:46.745Z', 'Hushållspapper', 'Hushållspapper 4-rullar', 'Add', 1.00, 39.90, 39.90, 'SEK', 'Receipt', 23),
('2025-08-03T09:50:47.745Z', 'Fiskpinnar', 'Fiskpinnar 15-pack', 'Add', 1.00, 34.90, 34.90, 'SEK', 'Receipt', 23),
('2025-08-03T09:50:48.745Z', 'Ärtor', 'Frysta Gröna Ärtor 500g', 'Add', 1.00, 19.90, 19.90, 'SEK', 'Receipt', 23),
('2025-08-03T09:50:49.745Z', 'Havregryn', 'Havregryn 750g', 'Add', 3.00, 16.90, 50.70, 'SEK', 'Receipt', 23),
('2025-08-03T09:50:50.745Z', 'Mjölk', 'Mellanmjölk 1.5% 1L', 'Add', 3.00, 14.90, 44.70, 'SEK', 'Receipt', 23),
('2025-08-03T09:50:51.745Z', 'Kycklingfilé', 'Färsk Kycklingbröstfilé 1kg', 'Add', 1.00, 119.00, 119.00, 'SEK', 'Receipt', 23),
('2025-08-03T09:50:52.745Z', 'Kaffe', 'Mellanrost Bryggkaffe 500g', 'Add', 1.00, 54.90, 54.90, 'SEK', 'Receipt', 23),
('2025-08-03T09:50:53.745Z', 'Lök', 'Gullök i nät 1kg', 'Add', 2.00, 14.90, 29.80, 'SEK', 'Receipt', 23),
('2025-08-03T09:50:54.745Z', 'Pasta', 'Spaghetti 1kg', 'Add', 3.00, 24.90, 74.70, 'SEK', 'Receipt', 23),
('2025-08-03T09:50:55.745Z', 'Formfranska', 'Ljust Rostat Bröd', 'Add', 2.00, 22.90, 45.80, 'SEK', 'Receipt', 23),
('2025-08-03T09:50:56.745Z', 'Krossade tomater', 'Krossade Tomater 400g', 'Add', 3.00, 11.90, 35.70, 'SEK', 'Receipt', 23),
('2025-08-03T09:50:57.745Z', 'Köttfärs', 'Nötfärs 12% 500g', 'Add', 1.00, 59.90, 59.90, 'SEK', 'Receipt', 23),
('2025-08-03T09:50:58.745Z', 'Morot', 'Morötter i påse 1kg', 'Add', 1.00, 12.90, 12.90, 'SEK', 'Receipt', 23),
('2025-08-04T09:50:44.745Z', 'Krossade tomater', 'Krossade Tomater 400g', 'Remove', 1.00, NULL, NULL, 'SEK', 'Manual', NULL),
('2025-08-04T09:50:44.745Z', 'Köttfärs', 'Nötfärs 12% 500g', 'Remove', 1.00, NULL, NULL, 'SEK', 'Manual', NULL),
('2025-08-04T09:50:44.745Z', 'Mjölk', 'Mellanmjölk 1.5% 1L', 'Remove', 1.00, NULL, NULL, 'SEK', 'Manual', NULL),
('2025-08-05T09:50:44.745Z', 'Krossade tomater', 'Krossade Tomater 400g', 'Remove', 1.00, NULL, NULL, 'SEK', 'Manual', NULL),
('2025-08-05T09:50:44.745Z', 'Formfranska', 'Ljust Rostat Bröd', 'Remove', 1.00, NULL, NULL, 'SEK', 'Manual', NULL),
('2025-08-05T09:50:44.745Z', 'Formfranska', 'Ljust Rostat Bröd', 'Remove', 1.00, NULL, NULL, 'SEK', 'Manual', NULL),
('2025-08-05T09:50:44.745Z', 'Rågbröd', 'Mörkt Rågbröd Skivat', 'Remove', 1.00, NULL, NULL, 'SEK', 'Manual', NULL),
('2025-08-06T09:50:44.745Z', 'Bacon', 'Alspånsrökt Bacon 140g', 'Remove', 1.00, NULL, NULL, 'SEK', 'Manual', NULL),
('2025-08-06T09:50:44.745Z', 'Pasta', 'Spaghetti 1kg', 'Remove', 1.00, NULL, NULL, 'SEK', 'Manual', NULL),
('2025-08-07T09:50:44.745Z', 'Kycklingfilé', 'Färsk Kycklingbröstfilé 1kg', 'Remove', 1.00, NULL, NULL, 'SEK', 'Manual', NULL),
('2025-08-07T09:50:44.745Z', 'Krossade tomater', 'Krossade Tomater 400g', 'Remove', 1.00, NULL, NULL, 'SEK', 'Manual', NULL),
('2025-08-08T09:50:44.745Z', 'Pommes frites', 'Strips 1kg', 'Remove', 1.00, NULL, NULL, 'SEK', 'Manual', NULL),
('2025-08-08T09:50:44.745Z', 'Fiskpinnar', 'Fiskpinnar 15-pack', 'Remove', 1.00, NULL, NULL, 'SEK', 'Manual', NULL),
('2025-08-09T09:50:44.745Z', 'Kaffe', 'Mellanrost Bryggkaffe 500g', 'Remove', 1.00, NULL, NULL, 'SEK', 'Manual', NULL),
('2025-08-09T09:50:44.745Z', 'Ärtor', 'Frysta Gröna Ärtor 500g', 'Remove', 1.00, NULL, NULL, 'SEK', 'Manual', NULL),
('2025-08-09T09:50:44.745Z', 'Morot', 'Morötter i påse 1kg', 'Remove', 1.00, NULL, NULL, 'SEK', 'Manual', NULL),
('2025-08-06T09:50:44.745Z', 'Lax', 'Färsk Laxfilé 4-pack', 'Add', 1.00, 99.00, 99.00, 'SEK', 'Receipt', 24),
('2025-08-06T09:50:45.745Z', 'Gurka', 'Svensk Gurka', 'Add', 1.00, 15.00, 15.00, 'SEK', 'Receipt', 24),
('2025-08-06T09:50:46.745Z', 'Fiskpinnar', 'Fiskpinnar 15-pack', 'Add', 1.00, 34.90, 34.90, 'SEK', 'Receipt', 24),
('2025-08-06T09:50:47.745Z', 'Lax', 'Färsk Laxfilé 4-pack', 'Add', 1.00, 99.00, 99.00, 'SEK', 'Receipt', 24),
('2025-08-06T09:50:48.745Z', 'Tomat', 'Kvisttomater', 'Add', 0.90, 39.90, 35.91, 'SEK', 'Receipt', 24),
('2025-08-06T09:50:49.745Z', 'Lök', 'Gullök i nät 1kg', 'Add', 2.00, 14.90, 29.80, 'SEK', 'Receipt', 24),
('2025-08-06T09:50:50.745Z', 'Pommes frites', 'Strips 1kg', 'Add', 3.00, 29.90, 89.70, 'SEK', 'Receipt', 24),
('2025-08-06T09:50:51.745Z', 'Tvättmedel', 'Kulörtvättmedel 1kg', 'Add', 1.00, 45.00, 45.00, 'SEK', 'Receipt', 24),
('2025-08-06T09:50:52.745Z', 'Köttfärs', 'Nötfärs 12% 500g', 'Add', 1.00, 59.90, 59.90, 'SEK', 'Receipt', 24),
('2025-08-06T09:50:53.745Z', 'Hushållspapper', 'Hushållspapper 4-rullar', 'Add', 1.00, 39.90, 39.90, 'SEK', 'Receipt', 24),
('2025-08-07T09:50:44.745Z', 'Hushållspapper', 'Hushållspapper 4-rullar', 'Remove', 1.00, NULL, NULL, 'SEK', 'Manual', NULL),
('2025-08-07T09:50:44.745Z', 'Morot', 'Morötter i påse 1kg', 'Remove', 1.00, NULL, NULL, 'SEK', 'Manual', NULL),
('2025-08-07T09:50:44.745Z', 'Fiskpinnar', 'Fiskpinnar 15-pack', 'Remove', 1.00, NULL, NULL, 'SEK', 'Manual', NULL),
('2025-08-07T09:50:44.745Z', 'Banan', 'Ekologiska Bananer', 'Remove', 0.20, NULL, NULL, 'SEK', 'Manual', NULL),
('2025-08-08T09:50:44.745Z', 'Köttfärs', 'Nötfärs 12% 500g', 'Remove', 1.00, NULL, NULL, 'SEK', 'Manual', NULL),
('2025-08-09T09:50:44.745Z', 'Morot', 'Morötter i påse 1kg', 'Remove', 1.00, NULL, NULL, 'SEK', 'Manual', NULL),
('2025-08-09T09:50:44.745Z', 'Yoghurt', 'Naturell Yoghurt 3% 1L', 'Remove', 1.00, NULL, NULL, 'SEK', 'Manual', NULL),
('2025-08-12T09:50:44.745Z', 'Formfranska', 'Ljust Rostat Bröd', 'Add', 3.00, 22.90, 68.70, 'SEK', 'Receipt', 25),
('2025-08-12T09:50:45.745Z', 'Gräddfil', 'Gräddfil 12% 3dl', 'Add', 3.00, 12.50, 37.50, 'SEK', 'Receipt', 25),
('2025-08-12T09:50:46.745Z', 'Kaffe', 'Mellanrost Bryggkaffe 500g', 'Add', 1.00, 54.90, 54.90, 'SEK', 'Receipt', 25),
('2025-08-12T09:50:47.745Z', 'Tvättmedel', 'Kulörtvättmedel 1kg', 'Add', 1.00, 45.00, 45.00, 'SEK', 'Receipt', 25),
('2025-08-12T09:50:48.745Z', 'Fiskpinnar', 'Fiskpinnar 15-pack', 'Add', 1.00, 34.90, 34.90, 'SEK', 'Receipt', 25),
('2025-08-12T09:50:49.745Z', 'Bacon', 'Alspånsrökt Bacon 140g', 'Add', 3.00, 14.90, 44.70, 'SEK', 'Receipt', 25),
('2025-08-13T09:50:44.745Z', 'Olivolja', 'Extra Virgin Olivolja 500ml', 'Remove', 1.00, NULL, NULL, 'SEK', 'Manual', NULL),
('2025-08-13T09:50:44.745Z', 'Gräddfil', 'Gräddfil 12% 3dl', 'Remove', 1.00, NULL, NULL, 'SEK', 'Manual', NULL),
('2025-08-13T09:50:44.745Z', 'Gräddfil', 'Gräddfil 12% 3dl', 'Remove', 1.00, NULL, NULL, 'SEK', 'Manual', NULL),
('2025-08-13T09:50:44.745Z', 'Hushållspapper', 'Hushållspapper 4-rullar', 'Remove', 1.00, NULL, NULL, 'SEK', 'Manual', NULL),
('2025-08-14T09:50:44.745Z', 'Lax', 'Färsk Laxfilé 4-pack', 'Remove', 1.00, NULL, NULL, 'SEK', 'Manual', NULL),
('2025-08-14T09:50:44.745Z', 'Pasta', 'Spaghetti 1kg', 'Remove', 1.00, NULL, NULL, 'SEK', 'Manual', NULL),
('2025-08-15T09:50:44.745Z', 'Pasta', 'Spaghetti 1kg', 'Remove', 1.00, NULL, NULL, 'SEK', 'Manual', NULL),
('2025-08-15T09:50:44.745Z', 'Banan', 'Ekologiska Bananer', 'Remove', 0.30, NULL, NULL, 'SEK', 'Manual', NULL),
('2025-08-15T09:50:44.745Z', 'Gräddfil', 'Gräddfil 12% 3dl', 'Remove', 1.00, NULL, NULL, 'SEK', 'Manual', NULL),
('2025-08-15T09:50:44.745Z', 'Kaffe', 'Mellanrost Bryggkaffe 500g', 'Remove', 1.00, NULL, NULL, 'SEK', 'Manual', NULL),
('2025-08-16T09:50:44.745Z', 'Banan', 'Ekologiska Bananer', 'Remove', 0.40, NULL, NULL, 'SEK', 'Manual', NULL),
('2025-08-16T09:50:44.745Z', 'Rågbröd', 'Mörkt Rågbröd Skivat', 'Remove', 1.00, NULL, NULL, 'SEK', 'Manual', NULL),
('2025-08-16T09:50:44.745Z', 'Tomat', 'Kvisttomater', 'Remove', 0.20, NULL, NULL, 'SEK', 'Manual', NULL),
('2025-08-17T09:50:44.745Z', 'Rågbröd', 'Mörkt Rågbröd Skivat', 'Remove', 1.00, NULL, NULL, 'SEK', 'Manual', NULL),
('2025-08-18T09:50:44.745Z', 'Fiskpinnar', 'Fiskpinnar 15-pack', 'Remove', 1.00, NULL, NULL, 'SEK', 'Manual', NULL),
('2025-08-15T09:50:44.745Z', 'Rågbröd', 'Mörkt Rågbröd Skivat', 'Add', 2.00, 26.90, 53.80, 'SEK', 'Receipt', 26),
('2025-08-15T09:50:45.745Z', 'Ost', 'Herrgård Herrgårdost 28% 700g', 'Add', 1.00, 89.00, 89.00, 'SEK', 'Receipt', 26),
('2025-08-15T09:50:46.745Z', 'Morot', 'Morötter i påse 1kg', 'Add', 3.00, 12.90, 38.70, 'SEK', 'Receipt', 26),
('2025-08-15T09:50:47.745Z', 'Ris', 'Jasminris 1kg', 'Add', 1.00, 32.90, 32.90, 'SEK', 'Receipt', 26),
('2025-08-15T09:50:48.745Z', 'Krossade tomater', 'Krossade Tomater 400g', 'Add', 2.00, 11.90, 23.80, 'SEK', 'Receipt', 26),
('2025-08-15T09:50:49.745Z', 'Havregryn', 'Havregryn 750g', 'Add', 1.00, 16.90, 16.90, 'SEK', 'Receipt', 26),
('2025-08-15T09:50:50.745Z', 'Morot', 'Morötter i påse 1kg', 'Add', 1.00, 12.90, 12.90, 'SEK', 'Receipt', 26),
('2025-08-15T09:50:51.745Z', 'Kaffe', 'Mellanrost Bryggkaffe 500g', 'Add', 1.00, 54.90, 54.90, 'SEK', 'Receipt', 26),
('2025-08-16T09:50:44.745Z', 'Korv', 'Falukorv 800g', 'Remove', 1.00, NULL, NULL, 'SEK', 'Manual', NULL),
('2025-08-16T09:50:44.745Z', 'Formfranska', 'Ljust Rostat Bröd', 'Remove', 1.00, NULL, NULL, 'SEK', 'Manual', NULL),
('2025-08-16T09:50:44.745Z', 'Bacon', 'Alspånsrökt Bacon 140g', 'Remove', 1.00, NULL, NULL, 'SEK', 'Manual', NULL),
('2025-08-17T09:50:44.745Z', 'Banan', 'Ekologiska Bananer', 'Remove', 0.40, NULL, NULL, 'SEK', 'Manual', NULL);

INSERT INTO History (Timestamp, ItemName, ExpandedName, Action, Quantity, Price, TotalPrice, Currency, Source, ReceiptId) VALUES
('2025-08-17T09:50:44.745Z', 'Krossade tomater', 'Krossade Tomater 400g', 'Remove', 1.00, NULL, NULL, 'SEK', 'Manual', NULL),
('2025-08-17T09:50:44.745Z', 'Bacon', 'Alspånsrökt Bacon 140g', 'Remove', 1.00, NULL, NULL, 'SEK', 'Manual', NULL),
('2025-08-17T09:50:44.745Z', 'Lax', 'Färsk Laxfilé 4-pack', 'Remove', 1.00, NULL, NULL, 'SEK', 'Manual', NULL),
('2025-08-18T09:50:44.745Z', 'Rågbröd', 'Mörkt Rågbröd Skivat', 'Remove', 1.00, NULL, NULL, 'SEK', 'Manual', NULL),
('2025-08-18T09:50:44.745Z', 'Tvättmedel', 'Kulörtvättmedel 1kg', 'Remove', 1.00, NULL, NULL, 'SEK', 'Manual', NULL),
('2025-08-18T09:50:44.745Z', 'Mjölk', 'Mellanmjölk 1.5% 1L', 'Remove', 1.00, NULL, NULL, 'SEK', 'Manual', NULL),
('2025-08-22T09:50:44.745Z', 'Knäckebröd', 'Husmans Knäckebröd', 'Add', 2.00, 18.90, 37.80, 'SEK', 'Receipt', 27),
('2025-08-22T09:50:45.745Z', 'Korv', 'Falukorv 800g', 'Add', 1.00, 44.90, 44.90, 'SEK', 'Receipt', 27),
('2025-08-22T09:50:46.745Z', 'Havregryn', 'Havregryn 750g', 'Add', 2.00, 16.90, 33.80, 'SEK', 'Receipt', 27),
('2025-08-22T09:50:47.745Z', 'Smör', 'Svenskt Smör Normalsaltat 500g', 'Add', 1.00, 62.90, 62.90, 'SEK', 'Receipt', 27),
('2025-08-22T09:50:48.745Z', 'Köttfärs', 'Nötfärs 12% 500g', 'Add', 1.00, 59.90, 59.90, 'SEK', 'Receipt', 27),
('2025-08-22T09:50:49.745Z', 'Bacon', 'Alspånsrökt Bacon 140g', 'Add', 3.00, 14.90, 44.70, 'SEK', 'Receipt', 27),
('2025-08-22T09:50:50.745Z', 'Morot', 'Morötter i påse 1kg', 'Add', 1.00, 12.90, 12.90, 'SEK', 'Receipt', 27),
('2025-08-22T09:50:51.745Z', 'Tvättmedel', 'Kulörtvättmedel 1kg', 'Add', 1.00, 45.00, 45.00, 'SEK', 'Receipt', 27),
('2025-08-23T09:50:44.745Z', 'Hushållspapper', 'Hushållspapper 4-rullar', 'Remove', 1.00, NULL, NULL, 'SEK', 'Manual', NULL),
('2025-08-23T09:50:44.745Z', 'Formfranska', 'Ljust Rostat Bröd', 'Remove', 1.00, NULL, NULL, 'SEK', 'Manual', NULL),
('2025-08-23T09:50:44.745Z', 'Knäckebröd', 'Husmans Knäckebröd', 'Remove', 1.00, NULL, NULL, 'SEK', 'Manual', NULL),
('2025-08-23T09:50:44.745Z', 'Yoghurt', 'Naturell Yoghurt 3% 1L', 'Remove', 1.00, NULL, NULL, 'SEK', 'Manual', NULL),
('2025-08-24T09:50:44.745Z', 'Tomat', 'Kvisttomater', 'Remove', 0.30, NULL, NULL, 'SEK', 'Manual', NULL),
('2025-08-24T09:50:44.745Z', 'Havregryn', 'Havregryn 750g', 'Remove', 1.00, NULL, NULL, 'SEK', 'Manual', NULL),
('2025-08-24T09:50:44.745Z', 'Köttfärs', 'Nötfärs 12% 500g', 'Remove', 1.00, NULL, NULL, 'SEK', 'Manual', NULL),
('2025-08-25T09:50:44.745Z', 'Ris', 'Jasminris 1kg', 'Remove', 1.00, NULL, NULL, 'SEK', 'Manual', NULL),
('2025-08-25T09:50:44.745Z', 'Bacon', 'Alspånsrökt Bacon 140g', 'Remove', 1.00, NULL, NULL, 'SEK', 'Manual', NULL),
('2025-08-26T09:50:44.745Z', 'Knäckebröd', 'Husmans Knäckebröd', 'Remove', 1.00, NULL, NULL, 'SEK', 'Manual', NULL),
('2025-08-26T09:50:44.745Z', 'Gurka', 'Svensk Gurka', 'Remove', 1.00, NULL, NULL, 'SEK', 'Manual', NULL),
('2025-08-26T09:50:44.745Z', 'Rågbröd', 'Mörkt Rågbröd Skivat', 'Remove', 1.00, NULL, NULL, 'SEK', 'Manual', NULL),
('2025-08-27T09:50:44.745Z', 'Gräddfil', 'Gräddfil 12% 3dl', 'Remove', 1.00, NULL, NULL, 'SEK', 'Manual', NULL),
('2025-08-27T09:50:44.745Z', 'Havregryn', 'Havregryn 750g', 'Remove', 1.00, NULL, NULL, 'SEK', 'Manual', NULL),
('2025-08-27T09:50:44.745Z', 'Pommes frites', 'Strips 1kg', 'Remove', 1.00, NULL, NULL, 'SEK', 'Manual', NULL),
('2025-08-28T09:50:44.745Z', 'Mjölk', 'Mellanmjölk 1.5% 1L', 'Remove', 1.00, NULL, NULL, 'SEK', 'Manual', NULL),
('2025-08-29T09:50:44.745Z', 'Rågbröd', 'Mörkt Rågbröd Skivat', 'Remove', 1.00, NULL, NULL, 'SEK', 'Manual', NULL),
('2025-08-25T09:50:44.745Z', 'Bacon', 'Alspånsrökt Bacon 140g', 'Add', 1.00, 14.90, 14.90, 'SEK', 'Receipt', 28),
('2025-08-25T09:50:45.745Z', 'Ägg', 'Ägg Frigående 12-pack', 'Add', 1.00, 34.90, 34.90, 'SEK', 'Receipt', 28),
('2025-08-25T09:50:46.745Z', 'Yoghurt', 'Naturell Yoghurt 3% 1L', 'Add', 3.00, 22.50, 67.50, 'SEK', 'Receipt', 28),
('2025-08-25T09:50:47.745Z', 'Fiskpinnar', 'Fiskpinnar 15-pack', 'Add', 1.00, 34.90, 34.90, 'SEK', 'Receipt', 28),
('2025-08-25T09:50:48.745Z', 'Lax', 'Färsk Laxfilé 4-pack', 'Add', 1.00, 99.00, 99.00, 'SEK', 'Receipt', 28),
('2025-08-25T09:50:49.745Z', 'Rågbröd', 'Mörkt Rågbröd Skivat', 'Add', 2.00, 26.90, 53.80, 'SEK', 'Receipt', 28),
('2025-08-25T09:50:50.745Z', 'Äpple', 'Svenska Äpplen Ingrid Marie', 'Add', 0.70, 29.90, 20.93, 'SEK', 'Receipt', 28),
('2025-08-25T09:50:51.745Z', 'Kycklingfilé', 'Färsk Kycklingbröstfilé 1kg', 'Add', 1.00, 119.00, 119.00, 'SEK', 'Receipt', 28),
('2025-08-26T09:50:44.745Z', 'Ägg', 'Ägg Frigående 12-pack', 'Remove', 1.00, NULL, NULL, 'SEK', 'Manual', NULL),
('2025-08-26T09:50:44.745Z', 'Pommes frites', 'Strips 1kg', 'Remove', 1.00, NULL, NULL, 'SEK', 'Manual', NULL),
('2025-08-26T09:50:44.745Z', 'Havregryn', 'Havregryn 750g', 'Remove', 1.00, NULL, NULL, 'SEK', 'Manual', NULL),
('2025-08-27T09:50:44.745Z', 'Havregryn', 'Havregryn 750g', 'Remove', 1.00, NULL, NULL, 'SEK', 'Manual', NULL),
('2025-08-27T09:50:44.745Z', 'Yoghurt', 'Naturell Yoghurt 3% 1L', 'Remove', 1.00, NULL, NULL, 'SEK', 'Manual', NULL),
('2025-08-27T09:50:44.745Z', 'Kycklingfilé', 'Färsk Kycklingbröstfilé 1kg', 'Remove', 1.00, NULL, NULL, 'SEK', 'Manual', NULL),
('2025-08-27T09:50:44.745Z', 'Mjölk', 'Mellanmjölk 1.5% 1L', 'Remove', 1.00, NULL, NULL, 'SEK', 'Manual', NULL),
('2025-08-28T09:50:44.745Z', 'Tomat', 'Kvisttomater', 'Remove', 0.30, NULL, NULL, 'SEK', 'Manual', NULL),
('2025-08-28T09:50:44.745Z', 'Rågbröd', 'Mörkt Rågbröd Skivat', 'Remove', 1.00, NULL, NULL, 'SEK', 'Manual', NULL),
('2025-08-30T09:50:44.745Z', 'Kycklingfilé', 'Färsk Kycklingbröstfilé 1kg', 'Add', 1.00, 119.00, 119.00, 'SEK', 'Receipt', 29),
('2025-08-30T09:50:45.745Z', 'Kaffe', 'Mellanrost Bryggkaffe 500g', 'Add', 1.00, 54.90, 54.90, 'SEK', 'Receipt', 29),
('2025-08-30T09:50:46.745Z', 'Toalettpapper', 'Toalettpapper 8-rullar', 'Add', 1.00, 49.90, 49.90, 'SEK', 'Receipt', 29),
('2025-08-30T09:50:47.745Z', 'Korv', 'Falukorv 800g', 'Add', 1.00, 44.90, 44.90, 'SEK', 'Receipt', 29),
('2025-08-30T09:50:48.745Z', 'Ägg', 'Ägg Frigående 12-pack', 'Add', 1.00, 34.90, 34.90, 'SEK', 'Receipt', 29),
('2025-08-30T09:50:49.745Z', 'Gräddfil', 'Gräddfil 12% 3dl', 'Add', 2.00, 12.50, 25.00, 'SEK', 'Receipt', 29),
('2025-08-30T09:50:50.745Z', 'Knäckebröd', 'Husmans Knäckebröd', 'Add', 3.00, 18.90, 56.70, 'SEK', 'Receipt', 29),
('2025-08-30T09:50:51.745Z', 'Mjölk', 'Mellanmjölk 1.5% 1L', 'Add', 3.00, 14.90, 44.70, 'SEK', 'Receipt', 29),
('2025-08-30T09:50:52.745Z', 'Hushållspapper', 'Hushållspapper 4-rullar', 'Add', 1.00, 39.90, 39.90, 'SEK', 'Receipt', 29),
('2025-08-30T09:50:53.745Z', 'Potatis', 'Fast Potatis 2kg', 'Add', 1.00, 29.90, 29.90, 'SEK', 'Receipt', 29),
('2025-08-30T09:50:54.745Z', 'Olivolja', 'Extra Virgin Olivolja 500ml', 'Add', 1.00, 69.90, 69.90, 'SEK', 'Receipt', 29),
('2025-08-30T09:50:55.745Z', 'Olivolja', 'Extra Virgin Olivolja 500ml', 'Add', 1.00, 69.90, 69.90, 'SEK', 'Receipt', 29),
('2025-08-30T09:50:56.745Z', 'Köttfärs', 'Nötfärs 12% 500g', 'Add', 1.00, 59.90, 59.90, 'SEK', 'Receipt', 29),
('2025-08-31T09:50:44.745Z', 'Toalettpapper', 'Toalettpapper 8-rullar', 'Remove', 1.00, NULL, NULL, 'SEK', 'Manual', NULL),
('2025-08-31T09:50:44.745Z', 'Mjölk', 'Mellanmjölk 1.5% 1L', 'Remove', 1.00, NULL, NULL, 'SEK', 'Manual', NULL),
('2025-08-31T09:50:44.745Z', 'Morot', 'Morötter i påse 1kg', 'Remove', 1.00, NULL, NULL, 'SEK', 'Manual', NULL),
('2025-08-31T09:50:44.745Z', 'Äpple', 'Svenska Äpplen Ingrid Marie', 'Remove', 0.30, NULL, NULL, 'SEK', 'Manual', NULL),
('2025-09-01T09:50:44.745Z', 'Tvättmedel', 'Kulörtvättmedel 1kg', 'Remove', 1.00, NULL, NULL, 'SEK', 'Manual', NULL),
('2025-09-02T09:50:44.745Z', 'Knäckebröd', 'Husmans Knäckebröd', 'Remove', 1.00, NULL, NULL, 'SEK', 'Manual', NULL),
('2025-09-02T09:50:44.745Z', 'Gräddfil', 'Gräddfil 12% 3dl', 'Remove', 1.00, NULL, NULL, 'SEK', 'Manual', NULL),
('2025-09-02T09:50:44.745Z', 'Morot', 'Morötter i påse 1kg', 'Remove', 1.00, NULL, NULL, 'SEK', 'Manual', NULL),
('2025-09-03T09:50:44.745Z', 'Krossade tomater', 'Krossade Tomater 400g', 'Remove', 1.00, NULL, NULL, 'SEK', 'Manual', NULL),
('2025-09-04T09:50:44.745Z', 'Korv', 'Falukorv 800g', 'Remove', 1.00, NULL, NULL, 'SEK', 'Manual', NULL),
('2025-09-04T09:50:44.745Z', 'Kycklingfilé', 'Färsk Kycklingbröstfilé 1kg', 'Remove', 1.00, NULL, NULL, 'SEK', 'Manual', NULL),
('2025-09-04T09:50:44.745Z', 'Pommes frites', 'Strips 1kg', 'Remove', 1.00, NULL, NULL, 'SEK', 'Manual', NULL),
('2025-09-04T09:50:44.745Z', 'Rågbröd', 'Mörkt Rågbröd Skivat', 'Remove', 1.00, NULL, NULL, 'SEK', 'Manual', NULL),
('2025-09-06T09:50:44.745Z', 'Morot', 'Morötter i påse 1kg', 'Add', 1.00, 12.90, 12.90, 'SEK', 'Receipt', 30),
('2025-09-06T09:50:45.745Z', 'Knäckebröd', 'Husmans Knäckebröd', 'Add', 3.00, 18.90, 56.70, 'SEK', 'Receipt', 30),
('2025-09-06T09:50:46.745Z', 'Smör', 'Svenskt Smör Normalsaltat 500g', 'Add', 1.00, 62.90, 62.90, 'SEK', 'Receipt', 30),
('2025-09-06T09:50:47.745Z', 'Fiskpinnar', 'Fiskpinnar 15-pack', 'Add', 1.00, 34.90, 34.90, 'SEK', 'Receipt', 30),
('2025-09-06T09:50:48.745Z', 'Lax', 'Färsk Laxfilé 4-pack', 'Add', 1.00, 99.00, 99.00, 'SEK', 'Receipt', 30),
('2025-09-06T09:50:49.745Z', 'Bacon', 'Alspånsrökt Bacon 140g', 'Add', 3.00, 14.90, 44.70, 'SEK', 'Receipt', 30),
('2025-09-06T09:50:50.745Z', 'Ris', 'Jasminris 1kg', 'Add', 1.00, 32.90, 32.90, 'SEK', 'Receipt', 30),
('2025-09-06T09:50:51.745Z', 'Ost', 'Herrgård Herrgårdost 28% 700g', 'Add', 1.00, 89.00, 89.00, 'SEK', 'Receipt', 30),
('2025-09-06T09:50:52.745Z', 'Ris', 'Jasminris 1kg', 'Add', 1.00, 32.90, 32.90, 'SEK', 'Receipt', 30),
('2025-09-06T09:50:53.745Z', 'Yoghurt', 'Naturell Yoghurt 3% 1L', 'Add', 1.00, 22.50, 22.50, 'SEK', 'Receipt', 30),
('2025-09-06T09:50:54.745Z', 'Korv', 'Falukorv 800g', 'Add', 1.00, 44.90, 44.90, 'SEK', 'Receipt', 30),
('2025-09-06T09:50:55.745Z', 'Havregryn', 'Havregryn 750g', 'Add', 2.00, 16.90, 33.80, 'SEK', 'Receipt', 30),
('2025-09-06T09:50:56.745Z', 'Pommes frites', 'Strips 1kg', 'Add', 1.00, 29.90, 29.90, 'SEK', 'Receipt', 30),
('2025-09-06T09:50:57.745Z', 'Gurka', 'Svensk Gurka', 'Add', 3.00, 15.00, 45.00, 'SEK', 'Receipt', 30),
('2025-09-06T09:50:58.745Z', 'Krossade tomater', 'Krossade Tomater 400g', 'Add', 2.00, 11.90, 23.80, 'SEK', 'Receipt', 30),
('2025-09-07T09:50:44.745Z', 'Potatis', 'Fast Potatis 2kg', 'Remove', 1.00, NULL, NULL, 'SEK', 'Manual', NULL),
('2025-09-07T09:50:44.745Z', 'Ris', 'Jasminris 1kg', 'Remove', 1.00, NULL, NULL, 'SEK', 'Manual', NULL),
('2025-09-07T09:50:44.745Z', 'Ost', 'Herrgård Herrgårdost 28% 700g', 'Remove', 1.00, NULL, NULL, 'SEK', 'Manual', NULL),
('2025-09-08T09:50:44.745Z', 'Köttfärs', 'Nötfärs 12% 500g', 'Remove', 1.00, NULL, NULL, 'SEK', 'Manual', NULL),
('2025-09-08T09:50:44.745Z', 'Yoghurt', 'Naturell Yoghurt 3% 1L', 'Remove', 1.00, NULL, NULL, 'SEK', 'Manual', NULL),
('2025-09-09T09:50:44.745Z', 'Mjölk', 'Mellanmjölk 1.5% 1L', 'Remove', 1.00, NULL, NULL, 'SEK', 'Manual', NULL),
('2025-09-09T09:50:44.745Z', 'Ägg', 'Ägg Frigående 12-pack', 'Remove', 1.00, NULL, NULL, 'SEK', 'Manual', NULL),
('2025-09-10T09:50:44.745Z', 'Knäckebröd', 'Husmans Knäckebröd', 'Remove', 1.00, NULL, NULL, 'SEK', 'Manual', NULL),
('2025-09-10T09:50:44.745Z', 'Olivolja', 'Extra Virgin Olivolja 500ml', 'Remove', 1.00, NULL, NULL, 'SEK', 'Manual', NULL),
('2025-09-10T09:50:44.745Z', 'Tvättmedel', 'Kulörtvättmedel 1kg', 'Remove', 1.00, NULL, NULL, 'SEK', 'Manual', NULL),
('2025-09-10T09:50:44.745Z', 'Lax', 'Färsk Laxfilé 4-pack', 'Remove', 1.00, NULL, NULL, 'SEK', 'Manual', NULL);

INSERT INTO History (Timestamp, ItemName, ExpandedName, Action, Quantity, Price, TotalPrice, Currency, Source, ReceiptId) VALUES
('2025-09-11T09:50:44.745Z', 'Yoghurt', 'Naturell Yoghurt 3% 1L', 'Remove', 1.00, NULL, NULL, 'SEK', 'Manual', NULL),
('2025-09-11T09:50:44.745Z', 'Fiskpinnar', 'Fiskpinnar 15-pack', 'Remove', 1.00, NULL, NULL, 'SEK', 'Manual', NULL),
('2025-09-11T09:50:44.745Z', 'Krossade tomater', 'Krossade Tomater 400g', 'Remove', 1.00, NULL, NULL, 'SEK', 'Manual', NULL),
('2025-09-11T09:50:44.745Z', 'Knäckebröd', 'Husmans Knäckebröd', 'Remove', 1.00, NULL, NULL, 'SEK', 'Manual', NULL),
('2025-09-12T09:50:44.745Z', 'Mjölk', 'Mellanmjölk 1.5% 1L', 'Remove', 1.00, NULL, NULL, 'SEK', 'Manual', NULL),
('2025-09-12T09:50:44.745Z', 'Tomat', 'Kvisttomater', 'Remove', 0.30, NULL, NULL, 'SEK', 'Manual', NULL),
('2025-09-12T09:50:44.745Z', 'Gurka', 'Svensk Gurka', 'Remove', 1.00, NULL, NULL, 'SEK', 'Manual', NULL),
('2025-09-12T09:50:44.745Z', 'Ost', 'Herrgård Herrgårdost 28% 700g', 'Remove', 1.00, NULL, NULL, 'SEK', 'Manual', NULL),
('2025-09-13T09:50:44.745Z', 'Mjölk', 'Mellanmjölk 1.5% 1L', 'Remove', 1.00, NULL, NULL, 'SEK', 'Manual', NULL),
('2025-09-13T09:50:44.745Z', 'Gurka', 'Svensk Gurka', 'Remove', 1.00, NULL, NULL, 'SEK', 'Manual', NULL),
('2025-09-13T09:50:44.745Z', 'Morot', 'Morötter i påse 1kg', 'Remove', 1.00, NULL, NULL, 'SEK', 'Manual', NULL),
('2025-09-10T09:50:44.745Z', 'Havregryn', 'Havregryn 750g', 'Add', 2.00, 16.90, 33.80, 'SEK', 'Receipt', 31),
('2025-09-10T09:50:45.745Z', 'Knäckebröd', 'Husmans Knäckebröd', 'Add', 1.00, 18.90, 18.90, 'SEK', 'Receipt', 31),
('2025-09-10T09:50:46.745Z', 'Ris', 'Jasminris 1kg', 'Add', 1.00, 32.90, 32.90, 'SEK', 'Receipt', 31),
('2025-09-10T09:50:47.745Z', 'Ägg', 'Ägg Frigående 12-pack', 'Add', 1.00, 34.90, 34.90, 'SEK', 'Receipt', 31),
('2025-09-10T09:50:48.745Z', 'Banan', 'Ekologiska Bananer', 'Add', 0.50, 24.90, 12.45, 'SEK', 'Receipt', 31),
('2025-09-10T09:50:49.745Z', 'Lök', 'Gullök i nät 1kg', 'Add', 2.00, 14.90, 29.80, 'SEK', 'Receipt', 31),
('2025-09-10T09:50:50.745Z', 'Bacon', 'Alspånsrökt Bacon 140g', 'Add', 1.00, 14.90, 14.90, 'SEK', 'Receipt', 31),
('2025-09-10T09:50:51.745Z', 'Havregryn', 'Havregryn 750g', 'Add', 3.00, 16.90, 50.70, 'SEK', 'Receipt', 31),
('2025-09-10T09:50:52.745Z', 'Bacon', 'Alspånsrökt Bacon 140g', 'Add', 2.00, 14.90, 29.80, 'SEK', 'Receipt', 31),
('2025-09-10T09:50:53.745Z', 'Kaffe', 'Mellanrost Bryggkaffe 500g', 'Add', 1.00, 54.90, 54.90, 'SEK', 'Receipt', 31),
('2025-09-10T09:50:54.745Z', 'Knäckebröd', 'Husmans Knäckebröd', 'Add', 2.00, 18.90, 37.80, 'SEK', 'Receipt', 31),
('2025-09-10T09:50:55.745Z', 'Lök', 'Gullök i nät 1kg', 'Add', 3.00, 14.90, 44.70, 'SEK', 'Receipt', 31),
('2025-09-11T09:50:44.745Z', 'Gräddfil', 'Gräddfil 12% 3dl', 'Remove', 1.00, NULL, NULL, 'SEK', 'Manual', NULL),
('2025-09-11T09:50:44.745Z', 'Krossade tomater', 'Krossade Tomater 400g', 'Remove', 1.00, NULL, NULL, 'SEK', 'Manual', NULL),
('2025-09-12T09:50:44.745Z', 'Hushållspapper', 'Hushållspapper 4-rullar', 'Remove', 1.00, NULL, NULL, 'SEK', 'Manual', NULL),
('2025-09-12T09:50:44.745Z', 'Banan', 'Ekologiska Bananer', 'Remove', 0.40, NULL, NULL, 'SEK', 'Manual', NULL),
('2025-09-12T09:50:44.745Z', 'Äpple', 'Svenska Äpplen Ingrid Marie', 'Remove', 0.30, NULL, NULL, 'SEK', 'Manual', NULL),
('2025-09-12T09:50:44.745Z', 'Olivolja', 'Extra Virgin Olivolja 500ml', 'Remove', 1.00, NULL, NULL, 'SEK', 'Manual', NULL),
('2025-09-13T09:50:44.745Z', 'Yoghurt', 'Naturell Yoghurt 3% 1L', 'Remove', 1.00, NULL, NULL, 'SEK', 'Manual', NULL),
('2025-09-13T09:50:44.745Z', 'Fiskpinnar', 'Fiskpinnar 15-pack', 'Remove', 1.00, NULL, NULL, 'SEK', 'Manual', NULL),
('2025-09-14T09:50:44.745Z', 'Pommes frites', 'Strips 1kg', 'Remove', 1.00, NULL, NULL, 'SEK', 'Manual', NULL),
('2025-09-13T09:50:44.745Z', 'Potatis', 'Fast Potatis 2kg', 'Add', 2.00, 29.90, 59.80, 'SEK', 'Receipt', 32),
('2025-09-13T09:50:45.745Z', 'Kycklingfilé', 'Färsk Kycklingbröstfilé 1kg', 'Add', 1.00, 119.00, 119.00, 'SEK', 'Receipt', 32),
('2025-09-13T09:50:46.745Z', 'Yoghurt', 'Naturell Yoghurt 3% 1L', 'Add', 3.00, 22.50, 67.50, 'SEK', 'Receipt', 32),
('2025-09-13T09:50:47.745Z', 'Banan', 'Ekologiska Bananer', 'Add', 1.70, 24.90, 42.33, 'SEK', 'Receipt', 32),
('2025-09-13T09:50:48.745Z', 'Morot', 'Morötter i påse 1kg', 'Add', 3.00, 12.90, 38.70, 'SEK', 'Receipt', 32),
('2025-09-13T09:50:49.745Z', 'Formfranska', 'Ljust Rostat Bröd', 'Add', 2.00, 22.90, 45.80, 'SEK', 'Receipt', 32),
('2025-09-13T09:50:50.745Z', 'Havregryn', 'Havregryn 750g', 'Add', 2.00, 16.90, 33.80, 'SEK', 'Receipt', 32),
('2025-09-14T09:50:44.745Z', 'Bacon', 'Alspånsrökt Bacon 140g', 'Remove', 1.00, NULL, NULL, 'SEK', 'Manual', NULL),
('2025-09-14T09:50:44.745Z', 'Bacon', 'Alspånsrökt Bacon 140g', 'Remove', 1.00, NULL, NULL, 'SEK', 'Manual', NULL),
('2025-09-14T09:50:44.745Z', 'Lök', 'Gullök i nät 1kg', 'Remove', 1.00, NULL, NULL, 'SEK', 'Manual', NULL),
('2025-09-15T09:50:44.745Z', 'Formfranska', 'Ljust Rostat Bröd', 'Remove', 1.00, NULL, NULL, 'SEK', 'Manual', NULL),
('2025-09-15T09:50:44.745Z', 'Kaffe', 'Mellanrost Bryggkaffe 500g', 'Remove', 1.00, NULL, NULL, 'SEK', 'Manual', NULL),
('2025-09-15T09:50:44.745Z', 'Kaffe', 'Mellanrost Bryggkaffe 500g', 'Remove', 1.00, NULL, NULL, 'SEK', 'Manual', NULL),
('2025-09-16T09:50:44.745Z', 'Ris', 'Jasminris 1kg', 'Remove', 1.00, NULL, NULL, 'SEK', 'Manual', NULL),
('2025-09-16T09:50:44.745Z', 'Banan', 'Ekologiska Bananer', 'Remove', 0.40, NULL, NULL, 'SEK', 'Manual', NULL),
('2025-09-18T09:50:44.745Z', 'Kycklingfilé', 'Färsk Kycklingbröstfilé 1kg', 'Add', 1.00, 119.00, 119.00, 'SEK', 'Receipt', 33),
('2025-09-18T09:50:45.745Z', 'Knäckebröd', 'Husmans Knäckebröd', 'Add', 1.00, 18.90, 18.90, 'SEK', 'Receipt', 33),
('2025-09-18T09:50:46.745Z', 'Kycklingfilé', 'Färsk Kycklingbröstfilé 1kg', 'Add', 1.00, 119.00, 119.00, 'SEK', 'Receipt', 33),
('2025-09-18T09:50:47.745Z', 'Lax', 'Färsk Laxfilé 4-pack', 'Add', 1.00, 99.00, 99.00, 'SEK', 'Receipt', 33),
('2025-09-18T09:50:48.745Z', 'Fiskpinnar', 'Fiskpinnar 15-pack', 'Add', 1.00, 34.90, 34.90, 'SEK', 'Receipt', 33),
('2025-09-18T09:50:49.745Z', 'Olivolja', 'Extra Virgin Olivolja 500ml', 'Add', 1.00, 69.90, 69.90, 'SEK', 'Receipt', 33),
('2025-09-18T09:50:50.745Z', 'Pommes frites', 'Strips 1kg', 'Add', 1.00, 29.90, 29.90, 'SEK', 'Receipt', 33),
('2025-09-18T09:50:51.745Z', 'Lök', 'Gullök i nät 1kg', 'Add', 3.00, 14.90, 44.70, 'SEK', 'Receipt', 33),
('2025-09-19T09:50:44.745Z', 'Korv', 'Falukorv 800g', 'Remove', 1.00, NULL, NULL, 'SEK', 'Manual', NULL),
('2025-09-19T09:50:44.745Z', 'Ägg', 'Ägg Frigående 12-pack', 'Remove', 1.00, NULL, NULL, 'SEK', 'Manual', NULL),
('2025-09-19T09:50:44.745Z', 'Mjölk', 'Mellanmjölk 1.5% 1L', 'Remove', 1.00, NULL, NULL, 'SEK', 'Manual', NULL),
('2025-09-19T09:50:44.745Z', 'Lax', 'Färsk Laxfilé 4-pack', 'Remove', 1.00, NULL, NULL, 'SEK', 'Manual', NULL),
('2025-09-20T09:50:44.745Z', 'Ris', 'Jasminris 1kg', 'Remove', 1.00, NULL, NULL, 'SEK', 'Manual', NULL),
('2025-09-20T09:50:44.745Z', 'Kaffe', 'Mellanrost Bryggkaffe 500g', 'Remove', 1.00, NULL, NULL, 'SEK', 'Manual', NULL),
('2025-09-21T09:50:44.745Z', 'Lax', 'Färsk Laxfilé 4-pack', 'Remove', 1.00, NULL, NULL, 'SEK', 'Manual', NULL),
('2025-09-22T09:50:44.745Z', 'Korv', 'Falukorv 800g', 'Remove', 1.00, NULL, NULL, 'SEK', 'Manual', NULL),
('2025-09-23T09:50:44.745Z', 'Lök', 'Gullök i nät 1kg', 'Remove', 1.00, NULL, NULL, 'SEK', 'Manual', NULL),
('2025-09-22T09:50:44.745Z', 'Mjölk', 'Mellanmjölk 1.5% 1L', 'Add', 1.00, 14.90, 14.90, 'SEK', 'Receipt', 34),
('2025-09-22T09:50:45.745Z', 'Lax', 'Färsk Laxfilé 4-pack', 'Add', 1.00, 99.00, 99.00, 'SEK', 'Receipt', 34),
('2025-09-22T09:50:46.745Z', 'Köttfärs', 'Nötfärs 12% 500g', 'Add', 1.00, 59.90, 59.90, 'SEK', 'Receipt', 34),
('2025-09-22T09:50:47.745Z', 'Lök', 'Gullök i nät 1kg', 'Add', 3.00, 14.90, 44.70, 'SEK', 'Receipt', 34),
('2025-09-22T09:50:48.745Z', 'Tvättmedel', 'Kulörtvättmedel 1kg', 'Add', 1.00, 45.00, 45.00, 'SEK', 'Receipt', 34),
('2025-09-22T09:50:49.745Z', 'Äpple', 'Svenska Äpplen Ingrid Marie', 'Add', 2.00, 29.90, 59.80, 'SEK', 'Receipt', 34),
('2025-09-22T09:50:50.745Z', 'Smör', 'Svenskt Smör Normalsaltat 500g', 'Add', 1.00, 62.90, 62.90, 'SEK', 'Receipt', 34),
('2025-09-22T09:50:51.745Z', 'Knäckebröd', 'Husmans Knäckebröd', 'Add', 1.00, 18.90, 18.90, 'SEK', 'Receipt', 34),
('2025-09-22T09:50:52.745Z', 'Lax', 'Färsk Laxfilé 4-pack', 'Add', 1.00, 99.00, 99.00, 'SEK', 'Receipt', 34),
('2025-09-23T09:50:44.745Z', 'Mjölk', 'Mellanmjölk 1.5% 1L', 'Remove', 1.00, NULL, NULL, 'SEK', 'Manual', NULL),
('2025-09-23T09:50:44.745Z', 'Formfranska', 'Ljust Rostat Bröd', 'Remove', 1.00, NULL, NULL, 'SEK', 'Manual', NULL),
('2025-09-24T09:50:44.745Z', 'Mjölk', 'Mellanmjölk 1.5% 1L', 'Remove', 1.00, NULL, NULL, 'SEK', 'Manual', NULL),
('2025-09-24T09:50:44.745Z', 'Lök', 'Gullök i nät 1kg', 'Remove', 1.00, NULL, NULL, 'SEK', 'Manual', NULL),
('2025-09-24T09:50:44.745Z', 'Bacon', 'Alspånsrökt Bacon 140g', 'Remove', 1.00, NULL, NULL, 'SEK', 'Manual', NULL),
('2025-09-24T09:50:44.745Z', 'Potatis', 'Fast Potatis 2kg', 'Remove', 1.00, NULL, NULL, 'SEK', 'Manual', NULL),
('2025-09-25T09:50:44.745Z', 'Knäckebröd', 'Husmans Knäckebröd', 'Remove', 1.00, NULL, NULL, 'SEK', 'Manual', NULL),
('2025-09-25T09:50:44.745Z', 'Potatis', 'Fast Potatis 2kg', 'Remove', 1.00, NULL, NULL, 'SEK', 'Manual', NULL),
('2025-09-26T09:50:44.745Z', 'Banan', 'Ekologiska Bananer', 'Remove', 0.40, NULL, NULL, 'SEK', 'Manual', NULL),
('2025-09-26T09:50:44.745Z', 'Gurka', 'Svensk Gurka', 'Remove', 1.00, NULL, NULL, 'SEK', 'Manual', NULL),
('2025-09-29T09:50:44.745Z', 'Ägg', 'Ägg Frigående 12-pack', 'Add', 1.00, 34.90, 34.90, 'SEK', 'Receipt', 35),
('2025-09-29T09:50:45.745Z', 'Potatis', 'Fast Potatis 2kg', 'Add', 2.00, 29.90, 59.80, 'SEK', 'Receipt', 35),
('2025-09-29T09:50:46.745Z', 'Pasta', 'Spaghetti 1kg', 'Add', 3.00, 24.90, 74.70, 'SEK', 'Receipt', 35),
('2025-09-29T09:50:47.745Z', 'Ägg', 'Ägg Frigående 12-pack', 'Add', 1.00, 34.90, 34.90, 'SEK', 'Receipt', 35),
('2025-09-29T09:50:48.745Z', 'Tvättmedel', 'Kulörtvättmedel 1kg', 'Add', 1.00, 45.00, 45.00, 'SEK', 'Receipt', 35),
('2025-09-29T09:50:49.745Z', 'Tomat', 'Kvisttomater', 'Add', 1.50, 39.90, 59.85, 'SEK', 'Receipt', 35),
('2025-09-29T09:50:50.745Z', 'Smör', 'Svenskt Smör Normalsaltat 500g', 'Add', 1.00, 62.90, 62.90, 'SEK', 'Receipt', 35),
('2025-09-29T09:50:51.745Z', 'Banan', 'Ekologiska Bananer', 'Add', 1.40, 24.90, 34.86, 'SEK', 'Receipt', 35),
('2025-09-30T09:50:44.745Z', 'Köttfärs', 'Nötfärs 12% 500g', 'Remove', 1.00, NULL, NULL, 'SEK', 'Manual', NULL),
('2025-09-30T09:50:44.745Z', 'Olivolja', 'Extra Virgin Olivolja 500ml', 'Remove', 1.00, NULL, NULL, 'SEK', 'Manual', NULL),
('2025-10-01T09:50:44.745Z', 'Fiskpinnar', 'Fiskpinnar 15-pack', 'Remove', 1.00, NULL, NULL, 'SEK', 'Manual', NULL),
('2025-10-01T09:50:44.745Z', 'Smör', 'Svenskt Smör Normalsaltat 500g', 'Remove', 1.00, NULL, NULL, 'SEK', 'Manual', NULL),
('2025-10-02T09:50:44.745Z', 'Hushållspapper', 'Hushållspapper 4-rullar', 'Remove', 1.00, NULL, NULL, 'SEK', 'Manual', NULL),
('2025-10-02T09:50:44.745Z', 'Lök', 'Gullök i nät 1kg', 'Remove', 1.00, NULL, NULL, 'SEK', 'Manual', NULL),
('2025-10-02T09:50:44.745Z', 'Smör', 'Svenskt Smör Normalsaltat 500g', 'Remove', 1.00, NULL, NULL, 'SEK', 'Manual', NULL),
('2025-10-03T09:50:44.745Z', 'Kycklingfilé', 'Färsk Kycklingbröstfilé 1kg', 'Remove', 1.00, NULL, NULL, 'SEK', 'Manual', NULL),
('2025-10-03T09:50:44.745Z', 'Smör', 'Svenskt Smör Normalsaltat 500g', 'Remove', 1.00, NULL, NULL, 'SEK', 'Manual', NULL);

INSERT INTO History (Timestamp, ItemName, ExpandedName, Action, Quantity, Price, TotalPrice, Currency, Source, ReceiptId) VALUES
('2025-10-03T09:50:44.745Z', 'Banan', 'Ekologiska Bananer', 'Remove', 0.50, NULL, NULL, 'SEK', 'Manual', NULL),
('2025-10-03T09:50:44.745Z', 'Knäckebröd', 'Husmans Knäckebröd', 'Remove', 1.00, NULL, NULL, 'SEK', 'Manual', NULL),
('2025-10-04T09:50:44.745Z', 'Banan', 'Ekologiska Bananer', 'Remove', 0.20, NULL, NULL, 'SEK', 'Manual', NULL),
('2025-10-04T09:50:44.745Z', 'Pasta', 'Spaghetti 1kg', 'Remove', 1.00, NULL, NULL, 'SEK', 'Manual', NULL),
('2025-10-05T09:50:44.745Z', 'Tvättmedel', 'Kulörtvättmedel 1kg', 'Remove', 1.00, NULL, NULL, 'SEK', 'Manual', NULL),
('2025-10-06T09:50:44.745Z', 'Äpple', 'Svenska Äpplen Ingrid Marie', 'Remove', 0.30, NULL, NULL, 'SEK', 'Manual', NULL),
('2025-10-06T09:50:44.745Z', 'Gurka', 'Svensk Gurka', 'Add', 3.00, 15.00, 45.00, 'SEK', 'Receipt', 36),
('2025-10-06T09:50:45.745Z', 'Knäckebröd', 'Husmans Knäckebröd', 'Add', 1.00, 18.90, 18.90, 'SEK', 'Receipt', 36),
('2025-10-06T09:50:46.745Z', 'Smör', 'Svenskt Smör Normalsaltat 500g', 'Add', 1.00, 62.90, 62.90, 'SEK', 'Receipt', 36),
('2025-10-06T09:50:47.745Z', 'Tomat', 'Kvisttomater', 'Add', 0.80, 39.90, 31.92, 'SEK', 'Receipt', 36),
('2025-10-06T09:50:48.745Z', 'Olivolja', 'Extra Virgin Olivolja 500ml', 'Add', 1.00, 69.90, 69.90, 'SEK', 'Receipt', 36),
('2025-10-06T09:50:49.745Z', 'Tvättmedel', 'Kulörtvättmedel 1kg', 'Add', 1.00, 45.00, 45.00, 'SEK', 'Receipt', 36),
('2025-10-06T09:50:50.745Z', 'Tvättmedel', 'Kulörtvättmedel 1kg', 'Add', 1.00, 45.00, 45.00, 'SEK', 'Receipt', 36),
('2025-10-06T09:50:51.745Z', 'Fiskpinnar', 'Fiskpinnar 15-pack', 'Add', 1.00, 34.90, 34.90, 'SEK', 'Receipt', 36),
('2025-10-06T09:50:52.745Z', 'Pasta', 'Spaghetti 1kg', 'Add', 2.00, 24.90, 49.80, 'SEK', 'Receipt', 36),
('2025-10-06T09:50:53.745Z', 'Fiskpinnar', 'Fiskpinnar 15-pack', 'Add', 1.00, 34.90, 34.90, 'SEK', 'Receipt', 36),
('2025-10-07T09:50:44.745Z', 'Gurka', 'Svensk Gurka', 'Remove', 1.00, NULL, NULL, 'SEK', 'Manual', NULL),
('2025-10-07T09:50:44.745Z', 'Gurka', 'Svensk Gurka', 'Remove', 1.00, NULL, NULL, 'SEK', 'Manual', NULL),
('2025-10-07T09:50:44.745Z', 'Potatis', 'Fast Potatis 2kg', 'Remove', 1.00, NULL, NULL, 'SEK', 'Manual', NULL),
('2025-10-08T09:50:44.745Z', 'Formfranska', 'Ljust Rostat Bröd', 'Remove', 1.00, NULL, NULL, 'SEK', 'Manual', NULL),
('2025-10-08T09:50:44.745Z', 'Fiskpinnar', 'Fiskpinnar 15-pack', 'Remove', 1.00, NULL, NULL, 'SEK', 'Manual', NULL),
('2025-10-08T09:50:44.745Z', 'Formfranska', 'Ljust Rostat Bröd', 'Remove', 1.00, NULL, NULL, 'SEK', 'Manual', NULL),
('2025-10-09T09:50:44.745Z', 'Kycklingfilé', 'Färsk Kycklingbröstfilé 1kg', 'Remove', 1.00, NULL, NULL, 'SEK', 'Manual', NULL),
('2025-10-09T09:50:44.745Z', 'Gurka', 'Svensk Gurka', 'Remove', 1.00, NULL, NULL, 'SEK', 'Manual', NULL),
('2025-10-10T09:50:44.745Z', 'Tomat', 'Kvisttomater', 'Remove', 0.30, NULL, NULL, 'SEK', 'Manual', NULL),
('2025-10-11T09:50:44.745Z', 'Fiskpinnar', 'Fiskpinnar 15-pack', 'Remove', 1.00, NULL, NULL, 'SEK', 'Manual', NULL),
('2025-10-12T09:50:44.745Z', 'Potatis', 'Fast Potatis 2kg', 'Remove', 1.00, NULL, NULL, 'SEK', 'Manual', NULL),
('2025-10-12T09:50:44.745Z', 'Morot', 'Morötter i påse 1kg', 'Remove', 1.00, NULL, NULL, 'SEK', 'Manual', NULL),
('2025-10-12T09:50:44.745Z', 'Lök', 'Gullök i nät 1kg', 'Remove', 1.00, NULL, NULL, 'SEK', 'Manual', NULL),
('2025-10-12T09:50:44.745Z', 'Kycklingfilé', 'Färsk Kycklingbröstfilé 1kg', 'Remove', 1.00, NULL, NULL, 'SEK', 'Manual', NULL),
('2025-10-13T09:50:44.745Z', 'Smör', 'Svenskt Smör Normalsaltat 500g', 'Remove', 1.00, NULL, NULL, 'SEK', 'Manual', NULL),
('2025-10-13T09:50:44.745Z', 'Tomat', 'Kvisttomater', 'Remove', 0.20, NULL, NULL, 'SEK', 'Manual', NULL),
('2025-10-13T09:50:44.745Z', 'Smör', 'Svenskt Smör Normalsaltat 500g', 'Add', 1.00, 62.90, 62.90, 'SEK', 'Receipt', 37),
('2025-10-13T09:50:45.745Z', 'Rågbröd', 'Mörkt Rågbröd Skivat', 'Add', 1.00, 26.90, 26.90, 'SEK', 'Receipt', 37),
('2025-10-13T09:50:46.745Z', 'Kycklingfilé', 'Färsk Kycklingbröstfilé 1kg', 'Add', 1.00, 119.00, 119.00, 'SEK', 'Receipt', 37),
('2025-10-13T09:50:47.745Z', 'Knäckebröd', 'Husmans Knäckebröd', 'Add', 3.00, 18.90, 56.70, 'SEK', 'Receipt', 37),
('2025-10-13T09:50:48.745Z', 'Ris', 'Jasminris 1kg', 'Add', 1.00, 32.90, 32.90, 'SEK', 'Receipt', 37),
('2025-10-13T09:50:49.745Z', 'Toalettpapper', 'Toalettpapper 8-rullar', 'Add', 1.00, 49.90, 49.90, 'SEK', 'Receipt', 37),
('2025-10-13T09:50:50.745Z', 'Ost', 'Herrgård Herrgårdost 28% 700g', 'Add', 1.00, 89.00, 89.00, 'SEK', 'Receipt', 37),
('2025-10-13T09:50:51.745Z', 'Gurka', 'Svensk Gurka', 'Add', 1.00, 15.00, 15.00, 'SEK', 'Receipt', 37),
('2025-10-13T09:50:52.745Z', 'Pommes frites', 'Strips 1kg', 'Add', 3.00, 29.90, 89.70, 'SEK', 'Receipt', 37),
('2025-10-13T09:50:53.745Z', 'Knäckebröd', 'Husmans Knäckebröd', 'Add', 2.00, 18.90, 37.80, 'SEK', 'Receipt', 37),
('2025-10-14T09:50:44.745Z', 'Äpple', 'Svenska Äpplen Ingrid Marie', 'Remove', 0.50, NULL, NULL, 'SEK', 'Manual', NULL),
('2025-10-14T09:50:44.745Z', 'Smör', 'Svenskt Smör Normalsaltat 500g', 'Remove', 1.00, NULL, NULL, 'SEK', 'Manual', NULL),
('2025-10-14T09:50:44.745Z', 'Ägg', 'Ägg Frigående 12-pack', 'Remove', 1.00, NULL, NULL, 'SEK', 'Manual', NULL),
('2025-10-15T09:50:44.745Z', 'Smör', 'Svenskt Smör Normalsaltat 500g', 'Remove', 1.00, NULL, NULL, 'SEK', 'Manual', NULL),
('2025-10-15T09:50:44.745Z', 'Knäckebröd', 'Husmans Knäckebröd', 'Remove', 1.00, NULL, NULL, 'SEK', 'Manual', NULL),
('2025-10-15T09:50:44.745Z', 'Formfranska', 'Ljust Rostat Bröd', 'Remove', 1.00, NULL, NULL, 'SEK', 'Manual', NULL),
('2025-10-16T09:50:44.745Z', 'Ost', 'Herrgård Herrgårdost 28% 700g', 'Remove', 1.00, NULL, NULL, 'SEK', 'Manual', NULL),
('2025-10-17T09:50:44.745Z', 'Lök', 'Gullök i nät 1kg', 'Remove', 1.00, NULL, NULL, 'SEK', 'Manual', NULL),
('2025-10-17T09:50:44.745Z', 'Rågbröd', 'Mörkt Rågbröd Skivat', 'Remove', 1.00, NULL, NULL, 'SEK', 'Manual', NULL),
('2025-10-17T09:50:44.745Z', 'Mjölk', 'Mellanmjölk 1.5% 1L', 'Remove', 1.00, NULL, NULL, 'SEK', 'Manual', NULL),
('2025-10-18T09:50:44.745Z', 'Pasta', 'Spaghetti 1kg', 'Remove', 1.00, NULL, NULL, 'SEK', 'Manual', NULL),
('2025-10-18T09:50:44.745Z', 'Gurka', 'Svensk Gurka', 'Remove', 1.00, NULL, NULL, 'SEK', 'Manual', NULL),
('2025-10-18T09:50:44.745Z', 'Tvättmedel', 'Kulörtvättmedel 1kg', 'Remove', 1.00, NULL, NULL, 'SEK', 'Manual', NULL),
('2025-10-18T09:50:44.745Z', 'Kycklingfilé', 'Färsk Kycklingbröstfilé 1kg', 'Remove', 1.00, NULL, NULL, 'SEK', 'Manual', NULL),
('2025-10-19T09:50:44.745Z', 'Ris', 'Jasminris 1kg', 'Remove', 1.00, NULL, NULL, 'SEK', 'Manual', NULL),
('2025-10-19T09:50:44.745Z', 'Banan', 'Ekologiska Bananer', 'Remove', 0.40, NULL, NULL, 'SEK', 'Manual', NULL),
('2025-10-19T09:50:44.745Z', 'Ägg', 'Ägg Frigående 12-pack', 'Remove', 1.00, NULL, NULL, 'SEK', 'Manual', NULL),
('2025-10-19T09:50:44.745Z', 'Banan', 'Ekologiska Bananer', 'Remove', 0.50, NULL, NULL, 'SEK', 'Manual', NULL),
('2025-10-20T09:50:44.745Z', 'Tomat', 'Kvisttomater', 'Remove', 0.50, NULL, NULL, 'SEK', 'Manual', NULL),
('2025-10-20T09:50:44.745Z', 'Pommes frites', 'Strips 1kg', 'Remove', 1.00, NULL, NULL, 'SEK', 'Manual', NULL),
('2025-10-16T09:50:44.745Z', 'Krossade tomater', 'Krossade Tomater 400g', 'Add', 1.00, 11.90, 11.90, 'SEK', 'Receipt', 38),
('2025-10-16T09:50:45.745Z', 'Kaffe', 'Mellanrost Bryggkaffe 500g', 'Add', 1.00, 54.90, 54.90, 'SEK', 'Receipt', 38),
('2025-10-16T09:50:46.745Z', 'Knäckebröd', 'Husmans Knäckebröd', 'Add', 1.00, 18.90, 18.90, 'SEK', 'Receipt', 38),
('2025-10-16T09:50:47.745Z', 'Potatis', 'Fast Potatis 2kg', 'Add', 3.00, 29.90, 89.70, 'SEK', 'Receipt', 38),
('2025-10-16T09:50:48.745Z', 'Lax', 'Färsk Laxfilé 4-pack', 'Add', 1.00, 99.00, 99.00, 'SEK', 'Receipt', 38),
('2025-10-16T09:50:49.745Z', 'Kycklingfilé', 'Färsk Kycklingbröstfilé 1kg', 'Add', 1.00, 119.00, 119.00, 'SEK', 'Receipt', 38),
('2025-10-16T09:50:50.745Z', 'Korv', 'Falukorv 800g', 'Add', 1.00, 44.90, 44.90, 'SEK', 'Receipt', 38),
('2025-10-17T09:50:44.745Z', 'Tvättmedel', 'Kulörtvättmedel 1kg', 'Remove', 1.00, NULL, NULL, 'SEK', 'Manual', NULL),
('2025-10-17T09:50:44.745Z', 'Knäckebröd', 'Husmans Knäckebröd', 'Remove', 1.00, NULL, NULL, 'SEK', 'Manual', NULL),
('2025-10-17T09:50:44.745Z', 'Morot', 'Morötter i påse 1kg', 'Remove', 1.00, NULL, NULL, 'SEK', 'Manual', NULL),
('2025-10-17T09:50:44.745Z', 'Knäckebröd', 'Husmans Knäckebröd', 'Remove', 1.00, NULL, NULL, 'SEK', 'Manual', NULL),
('2025-10-18T09:50:44.745Z', 'Banan', 'Ekologiska Bananer', 'Remove', 0.40, NULL, NULL, 'SEK', 'Manual', NULL),
('2025-10-18T09:50:44.745Z', 'Yoghurt', 'Naturell Yoghurt 3% 1L', 'Remove', 1.00, NULL, NULL, 'SEK', 'Manual', NULL),
('2025-10-18T09:50:44.745Z', 'Tvättmedel', 'Kulörtvättmedel 1kg', 'Remove', 1.00, NULL, NULL, 'SEK', 'Manual', NULL),
('2025-10-19T09:50:44.745Z', 'Hushållspapper', 'Hushållspapper 4-rullar', 'Remove', 1.00, NULL, NULL, 'SEK', 'Manual', NULL),
('2025-10-22T09:50:44.745Z', 'Lök', 'Gullök i nät 1kg', 'Add', 3.00, 14.90, 44.70, 'SEK', 'Receipt', 39),
('2025-10-22T09:50:45.745Z', 'Bacon', 'Alspånsrökt Bacon 140g', 'Add', 3.00, 14.90, 44.70, 'SEK', 'Receipt', 39),
('2025-10-22T09:50:46.745Z', 'Gräddfil', 'Gräddfil 12% 3dl', 'Add', 2.00, 12.50, 25.00, 'SEK', 'Receipt', 39),
('2025-10-22T09:50:47.745Z', 'Ris', 'Jasminris 1kg', 'Add', 1.00, 32.90, 32.90, 'SEK', 'Receipt', 39),
('2025-10-22T09:50:48.745Z', 'Pasta', 'Spaghetti 1kg', 'Add', 1.00, 24.90, 24.90, 'SEK', 'Receipt', 39),
('2025-10-22T09:50:49.745Z', 'Morot', 'Morötter i påse 1kg', 'Add', 3.00, 12.90, 38.70, 'SEK', 'Receipt', 39),
('2025-10-22T09:50:50.745Z', 'Tomat', 'Kvisttomater', 'Add', 0.90, 39.90, 35.91, 'SEK', 'Receipt', 39),
('2025-10-22T09:50:51.745Z', 'Lök', 'Gullök i nät 1kg', 'Add', 1.00, 14.90, 14.90, 'SEK', 'Receipt', 39),
('2025-10-22T09:50:52.745Z', 'Ägg', 'Ägg Frigående 12-pack', 'Add', 1.00, 34.90, 34.90, 'SEK', 'Receipt', 39),
('2025-10-22T09:50:53.745Z', 'Formfranska', 'Ljust Rostat Bröd', 'Add', 3.00, 22.90, 68.70, 'SEK', 'Receipt', 39),
('2025-10-22T09:50:54.745Z', 'Pasta', 'Spaghetti 1kg', 'Add', 1.00, 24.90, 24.90, 'SEK', 'Receipt', 39),
('2025-10-22T09:50:55.745Z', 'Köttfärs', 'Nötfärs 12% 500g', 'Add', 1.00, 59.90, 59.90, 'SEK', 'Receipt', 39),
('2025-10-23T09:50:44.745Z', 'Ägg', 'Ägg Frigående 12-pack', 'Remove', 1.00, NULL, NULL, 'SEK', 'Manual', NULL),
('2025-10-23T09:50:44.745Z', 'Lax', 'Färsk Laxfilé 4-pack', 'Remove', 1.00, NULL, NULL, 'SEK', 'Manual', NULL),
('2025-10-23T09:50:44.745Z', 'Kycklingfilé', 'Färsk Kycklingbröstfilé 1kg', 'Remove', 1.00, NULL, NULL, 'SEK', 'Manual', NULL),
('2025-10-23T09:50:44.745Z', 'Morot', 'Morötter i påse 1kg', 'Remove', 1.00, NULL, NULL, 'SEK', 'Manual', NULL),
('2025-10-24T09:50:44.745Z', 'Pasta', 'Spaghetti 1kg', 'Remove', 1.00, NULL, NULL, 'SEK', 'Manual', NULL),
('2025-10-24T09:50:44.745Z', 'Korv', 'Falukorv 800g', 'Remove', 1.00, NULL, NULL, 'SEK', 'Manual', NULL),
('2025-10-25T09:50:44.745Z', 'Potatis', 'Fast Potatis 2kg', 'Remove', 1.00, NULL, NULL, 'SEK', 'Manual', NULL),
('2025-10-25T09:50:44.745Z', 'Kaffe', 'Mellanrost Bryggkaffe 500g', 'Remove', 1.00, NULL, NULL, 'SEK', 'Manual', NULL),
('2025-10-26T10:50:44.745Z', 'Knäckebröd', 'Husmans Knäckebröd', 'Remove', 1.00, NULL, NULL, 'SEK', 'Manual', NULL),
('2025-10-26T10:50:44.745Z', 'Gräddfil', 'Gräddfil 12% 3dl', 'Remove', 1.00, NULL, NULL, 'SEK', 'Manual', NULL),
('2025-10-27T10:50:44.745Z', 'Krossade tomater', 'Krossade Tomater 400g', 'Remove', 1.00, NULL, NULL, 'SEK', 'Manual', NULL);

INSERT INTO History (Timestamp, ItemName, ExpandedName, Action, Quantity, Price, TotalPrice, Currency, Source, ReceiptId) VALUES
('2025-10-27T10:50:44.745Z', 'Ris', 'Jasminris 1kg', 'Remove', 1.00, NULL, NULL, 'SEK', 'Manual', NULL),
('2025-10-27T10:50:44.745Z', 'Äpple', 'Svenska Äpplen Ingrid Marie', 'Remove', 0.30, NULL, NULL, 'SEK', 'Manual', NULL),
('2025-10-28T10:50:44.745Z', 'Gräddfil', 'Gräddfil 12% 3dl', 'Remove', 1.00, NULL, NULL, 'SEK', 'Manual', NULL),
('2025-10-28T10:50:44.745Z', 'Banan', 'Ekologiska Bananer', 'Remove', 0.20, NULL, NULL, 'SEK', 'Manual', NULL),
('2025-10-28T10:50:44.745Z', 'Lök', 'Gullök i nät 1kg', 'Remove', 1.00, NULL, NULL, 'SEK', 'Manual', NULL),
('2025-10-28T10:50:44.745Z', 'Havregryn', 'Havregryn 750g', 'Remove', 1.00, NULL, NULL, 'SEK', 'Manual', NULL),
('2025-10-25T09:50:44.745Z', 'Bacon', 'Alspånsrökt Bacon 140g', 'Add', 1.00, 14.90, 14.90, 'SEK', 'Receipt', 40),
('2025-10-25T09:50:45.745Z', 'Olivolja', 'Extra Virgin Olivolja 500ml', 'Add', 1.00, 69.90, 69.90, 'SEK', 'Receipt', 40),
('2025-10-25T09:50:46.745Z', 'Lax', 'Färsk Laxfilé 4-pack', 'Add', 1.00, 99.00, 99.00, 'SEK', 'Receipt', 40),
('2025-10-25T09:50:47.745Z', 'Äpple', 'Svenska Äpplen Ingrid Marie', 'Add', 1.10, 29.90, 32.89, 'SEK', 'Receipt', 40),
('2025-10-25T09:50:48.745Z', 'Krossade tomater', 'Krossade Tomater 400g', 'Add', 1.00, 11.90, 11.90, 'SEK', 'Receipt', 40),
('2025-10-25T09:50:49.745Z', 'Ost', 'Herrgård Herrgårdost 28% 700g', 'Add', 1.00, 89.00, 89.00, 'SEK', 'Receipt', 40),
('2025-10-25T09:50:50.745Z', 'Knäckebröd', 'Husmans Knäckebröd', 'Add', 2.00, 18.90, 37.80, 'SEK', 'Receipt', 40),
('2025-10-25T09:50:51.745Z', 'Ägg', 'Ägg Frigående 12-pack', 'Add', 1.00, 34.90, 34.90, 'SEK', 'Receipt', 40),
('2025-10-25T09:50:52.745Z', 'Havregryn', 'Havregryn 750g', 'Add', 3.00, 16.90, 50.70, 'SEK', 'Receipt', 40),
('2025-10-26T10:50:44.745Z', 'Köttfärs', 'Nötfärs 12% 500g', 'Remove', 1.00, NULL, NULL, 'SEK', 'Manual', NULL),
('2025-10-26T10:50:44.745Z', 'Pasta', 'Spaghetti 1kg', 'Remove', 1.00, NULL, NULL, 'SEK', 'Manual', NULL),
('2025-10-27T10:50:44.745Z', 'Morot', 'Morötter i påse 1kg', 'Remove', 1.00, NULL, NULL, 'SEK', 'Manual', NULL),
('2025-10-27T10:50:44.745Z', 'Äpple', 'Svenska Äpplen Ingrid Marie', 'Remove', 0.30, NULL, NULL, 'SEK', 'Manual', NULL),
('2025-10-27T10:50:44.745Z', 'Pommes frites', 'Strips 1kg', 'Remove', 1.00, NULL, NULL, 'SEK', 'Manual', NULL),
('2025-10-28T10:50:44.745Z', 'Potatis', 'Fast Potatis 2kg', 'Remove', 1.00, NULL, NULL, 'SEK', 'Manual', NULL),
('2025-10-28T10:50:44.745Z', 'Ägg', 'Ägg Frigående 12-pack', 'Remove', 1.00, NULL, NULL, 'SEK', 'Manual', NULL),
('2025-10-28T10:50:44.745Z', 'Bacon', 'Alspånsrökt Bacon 140g', 'Remove', 1.00, NULL, NULL, 'SEK', 'Manual', NULL),
('2025-10-28T10:50:44.745Z', 'Lök', 'Gullök i nät 1kg', 'Remove', 1.00, NULL, NULL, 'SEK', 'Manual', NULL),
('2025-10-29T10:50:44.745Z', 'Hushållspapper', 'Hushållspapper 4-rullar', 'Add', 1.00, 39.90, 39.90, 'SEK', 'Receipt', 41),
('2025-10-29T10:50:45.745Z', 'Smör', 'Svenskt Smör Normalsaltat 500g', 'Add', 1.00, 62.90, 62.90, 'SEK', 'Receipt', 41),
('2025-10-29T10:50:46.745Z', 'Lax', 'Färsk Laxfilé 4-pack', 'Add', 1.00, 99.00, 99.00, 'SEK', 'Receipt', 41),
('2025-10-29T10:50:47.745Z', 'Pasta', 'Spaghetti 1kg', 'Add', 1.00, 24.90, 24.90, 'SEK', 'Receipt', 41),
('2025-10-29T10:50:48.745Z', 'Olivolja', 'Extra Virgin Olivolja 500ml', 'Add', 1.00, 69.90, 69.90, 'SEK', 'Receipt', 41),
('2025-10-29T10:50:49.745Z', 'Pasta', 'Spaghetti 1kg', 'Add', 1.00, 24.90, 24.90, 'SEK', 'Receipt', 41),
('2025-10-29T10:50:50.745Z', 'Mjölk', 'Mellanmjölk 1.5% 1L', 'Add', 1.00, 14.90, 14.90, 'SEK', 'Receipt', 41),
('2025-10-29T10:50:51.745Z', 'Banan', 'Ekologiska Bananer', 'Add', 1.10, 24.90, 27.39, 'SEK', 'Receipt', 41),
('2025-10-29T10:50:52.745Z', 'Pasta', 'Spaghetti 1kg', 'Add', 2.00, 24.90, 49.80, 'SEK', 'Receipt', 41),
('2025-10-29T10:50:53.745Z', 'Ost', 'Herrgård Herrgårdost 28% 700g', 'Add', 1.00, 89.00, 89.00, 'SEK', 'Receipt', 41),
('2025-10-29T10:50:54.745Z', 'Tomat', 'Kvisttomater', 'Add', 1.90, 39.90, 75.81, 'SEK', 'Receipt', 41),
('2025-10-29T10:50:55.745Z', 'Formfranska', 'Ljust Rostat Bröd', 'Add', 1.00, 22.90, 22.90, 'SEK', 'Receipt', 41),
('2025-10-29T10:50:56.745Z', 'Potatis', 'Fast Potatis 2kg', 'Add', 2.00, 29.90, 59.80, 'SEK', 'Receipt', 41),
('2025-10-30T10:50:44.745Z', 'Tomat', 'Kvisttomater', 'Remove', 0.30, NULL, NULL, 'SEK', 'Manual', NULL),
('2025-10-30T10:50:44.745Z', 'Banan', 'Ekologiska Bananer', 'Remove', 0.40, NULL, NULL, 'SEK', 'Manual', NULL),
('2025-10-30T10:50:44.745Z', 'Mjölk', 'Mellanmjölk 1.5% 1L', 'Remove', 1.00, NULL, NULL, 'SEK', 'Manual', NULL),
('2025-10-31T10:50:44.745Z', 'Pasta', 'Spaghetti 1kg', 'Remove', 1.00, NULL, NULL, 'SEK', 'Manual', NULL),
('2025-10-31T10:50:44.745Z', 'Banan', 'Ekologiska Bananer', 'Remove', 0.30, NULL, NULL, 'SEK', 'Manual', NULL),
('2025-11-01T10:50:44.745Z', 'Smör', 'Svenskt Smör Normalsaltat 500g', 'Remove', 1.00, NULL, NULL, 'SEK', 'Manual', NULL),
('2025-11-01T10:50:44.745Z', 'Ost', 'Herrgård Herrgårdost 28% 700g', 'Remove', 1.00, NULL, NULL, 'SEK', 'Manual', NULL),
('2025-11-02T10:50:44.745Z', 'Olivolja', 'Extra Virgin Olivolja 500ml', 'Remove', 1.00, NULL, NULL, 'SEK', 'Manual', NULL),
('2025-11-02T10:50:44.745Z', 'Toalettpapper', 'Toalettpapper 8-rullar', 'Remove', 1.00, NULL, NULL, 'SEK', 'Manual', NULL),
('2025-11-02T10:50:44.745Z', 'Pasta', 'Spaghetti 1kg', 'Remove', 1.00, NULL, NULL, 'SEK', 'Manual', NULL),
('2025-11-02T10:50:44.745Z', 'Havregryn', 'Havregryn 750g', 'Remove', 1.00, NULL, NULL, 'SEK', 'Manual', NULL),
('2025-11-01T10:50:44.745Z', 'Fiskpinnar', 'Fiskpinnar 15-pack', 'Add', 1.00, 34.90, 34.90, 'SEK', 'Receipt', 42),
('2025-11-01T10:50:45.745Z', 'Potatis', 'Fast Potatis 2kg', 'Add', 2.00, 29.90, 59.80, 'SEK', 'Receipt', 42),
('2025-11-01T10:50:46.745Z', 'Gurka', 'Svensk Gurka', 'Add', 3.00, 15.00, 45.00, 'SEK', 'Receipt', 42),
('2025-11-01T10:50:47.745Z', 'Rågbröd', 'Mörkt Rågbröd Skivat', 'Add', 1.00, 26.90, 26.90, 'SEK', 'Receipt', 42),
('2025-11-01T10:50:48.745Z', 'Gräddfil', 'Gräddfil 12% 3dl', 'Add', 1.00, 12.50, 12.50, 'SEK', 'Receipt', 42),
('2025-11-01T10:50:49.745Z', 'Pasta', 'Spaghetti 1kg', 'Add', 1.00, 24.90, 24.90, 'SEK', 'Receipt', 42),
('2025-11-01T10:50:50.745Z', 'Gurka', 'Svensk Gurka', 'Add', 3.00, 15.00, 45.00, 'SEK', 'Receipt', 42),
('2025-11-01T10:50:51.745Z', 'Formfranska', 'Ljust Rostat Bröd', 'Add', 1.00, 22.90, 22.90, 'SEK', 'Receipt', 42),
('2025-11-01T10:50:52.745Z', 'Knäckebröd', 'Husmans Knäckebröd', 'Add', 2.00, 18.90, 37.80, 'SEK', 'Receipt', 42),
('2025-11-01T10:50:53.745Z', 'Banan', 'Ekologiska Bananer', 'Add', 0.60, 24.90, 14.94, 'SEK', 'Receipt', 42),
('2025-11-02T10:50:44.745Z', 'Hushållspapper', 'Hushållspapper 4-rullar', 'Remove', 1.00, NULL, NULL, 'SEK', 'Manual', NULL),
('2025-11-02T10:50:44.745Z', 'Knäckebröd', 'Husmans Knäckebröd', 'Remove', 1.00, NULL, NULL, 'SEK', 'Manual', NULL),
('2025-11-02T10:50:44.745Z', 'Äpple', 'Svenska Äpplen Ingrid Marie', 'Remove', 0.40, NULL, NULL, 'SEK', 'Manual', NULL),
('2025-11-03T10:50:44.745Z', 'Olivolja', 'Extra Virgin Olivolja 500ml', 'Remove', 1.00, NULL, NULL, 'SEK', 'Manual', NULL),
('2025-11-03T10:50:44.745Z', 'Havregryn', 'Havregryn 750g', 'Remove', 1.00, NULL, NULL, 'SEK', 'Manual', NULL),
('2025-11-04T10:50:44.745Z', 'Knäckebröd', 'Husmans Knäckebröd', 'Remove', 1.00, NULL, NULL, 'SEK', 'Manual', NULL),
('2025-11-04T10:50:44.745Z', 'Fiskpinnar', 'Fiskpinnar 15-pack', 'Add', 1.00, 34.90, 34.90, 'SEK', 'Receipt', 43),
('2025-11-04T10:50:45.745Z', 'Lax', 'Färsk Laxfilé 4-pack', 'Add', 1.00, 99.00, 99.00, 'SEK', 'Receipt', 43),
('2025-11-04T10:50:46.745Z', 'Kaffe', 'Mellanrost Bryggkaffe 500g', 'Add', 1.00, 54.90, 54.90, 'SEK', 'Receipt', 43),
('2025-11-04T10:50:47.745Z', 'Kaffe', 'Mellanrost Bryggkaffe 500g', 'Add', 1.00, 54.90, 54.90, 'SEK', 'Receipt', 43),
('2025-11-04T10:50:48.745Z', 'Gurka', 'Svensk Gurka', 'Add', 1.00, 15.00, 15.00, 'SEK', 'Receipt', 43),
('2025-11-04T10:50:49.745Z', 'Knäckebröd', 'Husmans Knäckebröd', 'Add', 1.00, 18.90, 18.90, 'SEK', 'Receipt', 43),
('2025-11-04T10:50:50.745Z', 'Fiskpinnar', 'Fiskpinnar 15-pack', 'Add', 1.00, 34.90, 34.90, 'SEK', 'Receipt', 43),
('2025-11-04T10:50:51.745Z', 'Pasta', 'Spaghetti 1kg', 'Add', 2.00, 24.90, 49.80, 'SEK', 'Receipt', 43),
('2025-11-04T10:50:52.745Z', 'Krossade tomater', 'Krossade Tomater 400g', 'Add', 2.00, 11.90, 23.80, 'SEK', 'Receipt', 43),
('2025-11-04T10:50:53.745Z', 'Gräddfil', 'Gräddfil 12% 3dl', 'Add', 2.00, 12.50, 25.00, 'SEK', 'Receipt', 43),
('2025-11-04T10:50:54.745Z', 'Ost', 'Herrgård Herrgårdost 28% 700g', 'Add', 1.00, 89.00, 89.00, 'SEK', 'Receipt', 43),
('2025-11-04T10:50:55.745Z', 'Ärtor', 'Frysta Gröna Ärtor 500g', 'Add', 2.00, 19.90, 39.80, 'SEK', 'Receipt', 43),
('2025-11-04T10:50:56.745Z', 'Knäckebröd', 'Husmans Knäckebröd', 'Add', 3.00, 18.90, 56.70, 'SEK', 'Receipt', 43),
('2025-11-05T10:50:44.745Z', 'Fiskpinnar', 'Fiskpinnar 15-pack', 'Remove', 1.00, NULL, NULL, 'SEK', 'Manual', NULL),
('2025-11-06T10:50:44.745Z', 'Bacon', 'Alspånsrökt Bacon 140g', 'Remove', 1.00, NULL, NULL, 'SEK', 'Manual', NULL),
('2025-11-06T10:50:44.745Z', 'Tomat', 'Kvisttomater', 'Remove', 0.50, NULL, NULL, 'SEK', 'Manual', NULL),
('2025-11-07T10:50:44.745Z', 'Lax', 'Färsk Laxfilé 4-pack', 'Remove', 1.00, NULL, NULL, 'SEK', 'Manual', NULL),
('2025-11-11T10:50:44.745Z', 'Bacon', 'Alspånsrökt Bacon 140g', 'Add', 1.00, 14.90, 14.90, 'SEK', 'Receipt', 44),
('2025-11-11T10:50:45.745Z', 'Olivolja', 'Extra Virgin Olivolja 500ml', 'Add', 1.00, 69.90, 69.90, 'SEK', 'Receipt', 44),
('2025-11-11T10:50:46.745Z', 'Kycklingfilé', 'Färsk Kycklingbröstfilé 1kg', 'Add', 1.00, 119.00, 119.00, 'SEK', 'Receipt', 44),
('2025-11-11T10:50:47.745Z', 'Gurka', 'Svensk Gurka', 'Add', 3.00, 15.00, 45.00, 'SEK', 'Receipt', 44),
('2025-11-11T10:50:48.745Z', 'Köttfärs', 'Nötfärs 12% 500g', 'Add', 1.00, 59.90, 59.90, 'SEK', 'Receipt', 44),
('2025-11-11T10:50:49.745Z', 'Gräddfil', 'Gräddfil 12% 3dl', 'Add', 2.00, 12.50, 25.00, 'SEK', 'Receipt', 44),
('2025-11-11T10:50:50.745Z', 'Toalettpapper', 'Toalettpapper 8-rullar', 'Add', 1.00, 49.90, 49.90, 'SEK', 'Receipt', 44),
('2025-11-11T10:50:51.745Z', 'Pommes frites', 'Strips 1kg', 'Add', 1.00, 29.90, 29.90, 'SEK', 'Receipt', 44),
('2025-11-11T10:50:52.745Z', 'Gurka', 'Svensk Gurka', 'Add', 2.00, 15.00, 30.00, 'SEK', 'Receipt', 44),
('2025-11-11T10:50:53.745Z', 'Mjölk', 'Mellanmjölk 1.5% 1L', 'Add', 2.00, 14.90, 29.80, 'SEK', 'Receipt', 44),
('2025-11-11T10:50:54.745Z', 'Olivolja', 'Extra Virgin Olivolja 500ml', 'Add', 1.00, 69.90, 69.90, 'SEK', 'Receipt', 44),
('2025-11-11T10:50:55.745Z', 'Yoghurt', 'Naturell Yoghurt 3% 1L', 'Add', 3.00, 22.50, 67.50, 'SEK', 'Receipt', 44),
('2025-11-11T10:50:56.745Z', 'Kaffe', 'Mellanrost Bryggkaffe 500g', 'Add', 1.00, 54.90, 54.90, 'SEK', 'Receipt', 44),
('2025-11-11T10:50:57.745Z', 'Knäckebröd', 'Husmans Knäckebröd', 'Add', 2.00, 18.90, 37.80, 'SEK', 'Receipt', 44),
('2025-11-11T10:50:58.745Z', 'Havregryn', 'Havregryn 750g', 'Add', 1.00, 16.90, 16.90, 'SEK', 'Receipt', 44),
('2025-11-12T10:50:44.745Z', 'Rågbröd', 'Mörkt Rågbröd Skivat', 'Remove', 1.00, NULL, NULL, 'SEK', 'Manual', NULL),
('2025-11-12T10:50:44.745Z', 'Formfranska', 'Ljust Rostat Bröd', 'Remove', 1.00, NULL, NULL, 'SEK', 'Manual', NULL),
('2025-11-12T10:50:44.745Z', 'Mjölk', 'Mellanmjölk 1.5% 1L', 'Remove', 1.00, NULL, NULL, 'SEK', 'Manual', NULL),
('2025-11-12T10:50:44.745Z', 'Pasta', 'Spaghetti 1kg', 'Remove', 1.00, NULL, NULL, 'SEK', 'Manual', NULL);

INSERT INTO History (Timestamp, ItemName, ExpandedName, Action, Quantity, Price, TotalPrice, Currency, Source, ReceiptId) VALUES
('2025-11-13T10:50:44.745Z', 'Formfranska', 'Ljust Rostat Bröd', 'Remove', 1.00, NULL, NULL, 'SEK', 'Manual', NULL),
('2025-11-14T10:50:44.745Z', 'Havregryn', 'Havregryn 750g', 'Remove', 1.00, NULL, NULL, 'SEK', 'Manual', NULL),
('2025-11-14T10:50:44.745Z', 'Ärtor', 'Frysta Gröna Ärtor 500g', 'Remove', 1.00, NULL, NULL, 'SEK', 'Manual', NULL),
('2025-11-14T10:50:44.745Z', 'Toalettpapper', 'Toalettpapper 8-rullar', 'Remove', 1.00, NULL, NULL, 'SEK', 'Manual', NULL),
('2025-11-14T10:50:44.745Z', 'Ost', 'Herrgård Herrgårdost 28% 700g', 'Remove', 1.00, NULL, NULL, 'SEK', 'Manual', NULL),
('2025-11-15T10:50:44.745Z', 'Äpple', 'Svenska Äpplen Ingrid Marie', 'Remove', 0.30, NULL, NULL, 'SEK', 'Manual', NULL),
('2025-11-15T10:50:44.745Z', 'Kycklingfilé', 'Färsk Kycklingbröstfilé 1kg', 'Remove', 1.00, NULL, NULL, 'SEK', 'Manual', NULL),
('2025-11-15T10:50:44.745Z', 'Knäckebröd', 'Husmans Knäckebröd', 'Remove', 1.00, NULL, NULL, 'SEK', 'Manual', NULL),
('2025-11-16T10:50:44.745Z', 'Formfranska', 'Ljust Rostat Bröd', 'Remove', 1.00, NULL, NULL, 'SEK', 'Manual', NULL),
('2025-11-16T10:50:44.745Z', 'Morot', 'Morötter i påse 1kg', 'Remove', 1.00, NULL, NULL, 'SEK', 'Manual', NULL),
('2025-11-16T10:50:44.745Z', 'Mjölk', 'Mellanmjölk 1.5% 1L', 'Remove', 1.00, NULL, NULL, 'SEK', 'Manual', NULL),
('2025-11-17T10:50:44.745Z', 'Ost', 'Herrgård Herrgårdost 28% 700g', 'Remove', 1.00, NULL, NULL, 'SEK', 'Manual', NULL),
('2025-11-17T10:50:44.745Z', 'Pasta', 'Spaghetti 1kg', 'Remove', 1.00, NULL, NULL, 'SEK', 'Manual', NULL),
('2025-11-18T10:50:44.745Z', 'Ärtor', 'Frysta Gröna Ärtor 500g', 'Remove', 1.00, NULL, NULL, 'SEK', 'Manual', NULL),
('2025-11-18T10:50:44.745Z', 'Yoghurt', 'Naturell Yoghurt 3% 1L', 'Remove', 1.00, NULL, NULL, 'SEK', 'Manual', NULL),
('2025-11-18T10:50:44.745Z', 'Pommes frites', 'Strips 1kg', 'Add', 1.00, 29.90, 29.90, 'SEK', 'Receipt', 45),
('2025-11-18T10:50:45.745Z', 'Ärtor', 'Frysta Gröna Ärtor 500g', 'Add', 2.00, 19.90, 39.80, 'SEK', 'Receipt', 45),
('2025-11-18T10:50:46.745Z', 'Tomat', 'Kvisttomater', 'Add', 0.90, 39.90, 35.91, 'SEK', 'Receipt', 45),
('2025-11-18T10:50:47.745Z', 'Ärtor', 'Frysta Gröna Ärtor 500g', 'Add', 2.00, 19.90, 39.80, 'SEK', 'Receipt', 45),
('2025-11-18T10:50:48.745Z', 'Lax', 'Färsk Laxfilé 4-pack', 'Add', 1.00, 99.00, 99.00, 'SEK', 'Receipt', 45),
('2025-11-18T10:50:49.745Z', 'Krossade tomater', 'Krossade Tomater 400g', 'Add', 1.00, 11.90, 11.90, 'SEK', 'Receipt', 45),
('2025-11-18T10:50:50.745Z', 'Toalettpapper', 'Toalettpapper 8-rullar', 'Add', 1.00, 49.90, 49.90, 'SEK', 'Receipt', 45),
('2025-11-18T10:50:51.745Z', 'Knäckebröd', 'Husmans Knäckebröd', 'Add', 3.00, 18.90, 56.70, 'SEK', 'Receipt', 45),
('2025-11-19T10:50:44.745Z', 'Lök', 'Gullök i nät 1kg', 'Remove', 1.00, NULL, NULL, 'SEK', 'Manual', NULL),
('2025-11-19T10:50:44.745Z', 'Köttfärs', 'Nötfärs 12% 500g', 'Remove', 1.00, NULL, NULL, 'SEK', 'Manual', NULL),
('2025-11-19T10:50:44.745Z', 'Morot', 'Morötter i påse 1kg', 'Remove', 1.00, NULL, NULL, 'SEK', 'Manual', NULL),
('2025-11-19T10:50:44.745Z', 'Olivolja', 'Extra Virgin Olivolja 500ml', 'Remove', 1.00, NULL, NULL, 'SEK', 'Manual', NULL),
('2025-11-20T10:50:44.745Z', 'Yoghurt', 'Naturell Yoghurt 3% 1L', 'Remove', 1.00, NULL, NULL, 'SEK', 'Manual', NULL),
('2025-11-20T10:50:44.745Z', 'Gurka', 'Svensk Gurka', 'Remove', 1.00, NULL, NULL, 'SEK', 'Manual', NULL),
('2025-11-20T10:50:44.745Z', 'Potatis', 'Fast Potatis 2kg', 'Remove', 1.00, NULL, NULL, 'SEK', 'Manual', NULL),
('2025-11-21T10:50:44.745Z', 'Lax', 'Färsk Laxfilé 4-pack', 'Remove', 1.00, NULL, NULL, 'SEK', 'Manual', NULL),
('2025-11-21T10:50:44.745Z', 'Pommes frites', 'Strips 1kg', 'Remove', 1.00, NULL, NULL, 'SEK', 'Manual', NULL),
('2025-11-22T10:50:44.745Z', 'Pasta', 'Spaghetti 1kg', 'Remove', 1.00, NULL, NULL, 'SEK', 'Manual', NULL),
('2025-11-22T10:50:44.745Z', 'Banan', 'Ekologiska Bananer', 'Remove', 0.50, NULL, NULL, 'SEK', 'Manual', NULL),
('2025-11-23T10:50:44.745Z', 'Pasta', 'Spaghetti 1kg', 'Remove', 1.00, NULL, NULL, 'SEK', 'Manual', NULL),
('2025-11-23T10:50:44.745Z', 'Morot', 'Morötter i påse 1kg', 'Remove', 1.00, NULL, NULL, 'SEK', 'Manual', NULL),
('2025-11-23T10:50:44.745Z', 'Äpple', 'Svenska Äpplen Ingrid Marie', 'Remove', 0.20, NULL, NULL, 'SEK', 'Manual', NULL),
('2025-11-23T10:50:44.745Z', 'Gräddfil', 'Gräddfil 12% 3dl', 'Remove', 1.00, NULL, NULL, 'SEK', 'Manual', NULL),
('2025-11-24T10:50:44.745Z', 'Pasta', 'Spaghetti 1kg', 'Remove', 1.00, NULL, NULL, 'SEK', 'Manual', NULL),
('2025-11-24T10:50:44.745Z', 'Pasta', 'Spaghetti 1kg', 'Remove', 1.00, NULL, NULL, 'SEK', 'Manual', NULL),
('2025-11-25T10:50:44.745Z', 'Bacon', 'Alspånsrökt Bacon 140g', 'Remove', 1.00, NULL, NULL, 'SEK', 'Manual', NULL),
('2025-11-25T10:50:44.745Z', 'Ägg', 'Ägg Frigående 12-pack', 'Add', 1.00, 34.90, 34.90, 'SEK', 'Receipt', 46),
('2025-11-25T10:50:45.745Z', 'Kaffe', 'Mellanrost Bryggkaffe 500g', 'Add', 1.00, 54.90, 54.90, 'SEK', 'Receipt', 46),
('2025-11-25T10:50:46.745Z', 'Rågbröd', 'Mörkt Rågbröd Skivat', 'Add', 1.00, 26.90, 26.90, 'SEK', 'Receipt', 46),
('2025-11-25T10:50:47.745Z', 'Havregryn', 'Havregryn 750g', 'Add', 3.00, 16.90, 50.70, 'SEK', 'Receipt', 46),
('2025-11-25T10:50:48.745Z', 'Gräddfil', 'Gräddfil 12% 3dl', 'Add', 1.00, 12.50, 12.50, 'SEK', 'Receipt', 46),
('2025-11-25T10:50:49.745Z', 'Morot', 'Morötter i påse 1kg', 'Add', 2.00, 12.90, 25.80, 'SEK', 'Receipt', 46),
('2025-11-25T10:50:50.745Z', 'Kycklingfilé', 'Färsk Kycklingbröstfilé 1kg', 'Add', 1.00, 119.00, 119.00, 'SEK', 'Receipt', 46),
('2025-11-25T10:50:51.745Z', 'Potatis', 'Fast Potatis 2kg', 'Add', 3.00, 29.90, 89.70, 'SEK', 'Receipt', 46),
('2025-11-25T10:50:52.745Z', 'Lök', 'Gullök i nät 1kg', 'Add', 2.00, 14.90, 29.80, 'SEK', 'Receipt', 46),
('2025-11-26T10:50:44.745Z', 'Havregryn', 'Havregryn 750g', 'Remove', 1.00, NULL, NULL, 'SEK', 'Manual', NULL),
('2025-11-26T10:50:44.745Z', 'Pommes frites', 'Strips 1kg', 'Remove', 1.00, NULL, NULL, 'SEK', 'Manual', NULL),
('2025-11-26T10:50:44.745Z', 'Yoghurt', 'Naturell Yoghurt 3% 1L', 'Remove', 1.00, NULL, NULL, 'SEK', 'Manual', NULL),
('2025-11-26T10:50:44.745Z', 'Bacon', 'Alspånsrökt Bacon 140g', 'Remove', 1.00, NULL, NULL, 'SEK', 'Manual', NULL),
('2025-11-27T10:50:44.745Z', 'Yoghurt', 'Naturell Yoghurt 3% 1L', 'Remove', 1.00, NULL, NULL, 'SEK', 'Manual', NULL),
('2025-11-28T10:50:44.745Z', 'Banan', 'Ekologiska Bananer', 'Remove', 0.50, NULL, NULL, 'SEK', 'Manual', NULL),
('2025-11-28T10:50:44.745Z', 'Rågbröd', 'Mörkt Rågbröd Skivat', 'Remove', 1.00, NULL, NULL, 'SEK', 'Manual', NULL),
('2025-11-29T10:50:44.745Z', 'Tomat', 'Kvisttomater', 'Remove', 0.30, NULL, NULL, 'SEK', 'Manual', NULL),
('2025-11-29T10:50:44.745Z', 'Havregryn', 'Havregryn 750g', 'Remove', 1.00, NULL, NULL, 'SEK', 'Manual', NULL),
('2025-11-30T10:50:44.745Z', 'Kaffe', 'Mellanrost Bryggkaffe 500g', 'Remove', 1.00, NULL, NULL, 'SEK', 'Manual', NULL),
('2025-11-30T10:50:44.745Z', 'Olivolja', 'Extra Virgin Olivolja 500ml', 'Remove', 1.00, NULL, NULL, 'SEK', 'Manual', NULL),
('2025-12-01T10:50:44.745Z', 'Fiskpinnar', 'Fiskpinnar 15-pack', 'Remove', 1.00, NULL, NULL, 'SEK', 'Manual', NULL),
('2025-12-01T10:50:44.745Z', 'Banan', 'Ekologiska Bananer', 'Remove', 0.50, NULL, NULL, 'SEK', 'Manual', NULL),
('2025-12-01T10:50:44.745Z', 'Kycklingfilé', 'Färsk Kycklingbröstfilé 1kg', 'Remove', 1.00, NULL, NULL, 'SEK', 'Manual', NULL),
('2025-12-01T10:50:44.745Z', 'Toalettpapper', 'Toalettpapper 8-rullar', 'Remove', 1.00, NULL, NULL, 'SEK', 'Manual', NULL),
('2025-12-02T10:50:44.745Z', 'Potatis', 'Fast Potatis 2kg', 'Remove', 1.00, NULL, NULL, 'SEK', 'Manual', NULL),
('2025-12-02T10:50:44.745Z', 'Lök', 'Gullök i nät 1kg', 'Remove', 1.00, NULL, NULL, 'SEK', 'Manual', NULL),
('2025-12-02T10:50:44.745Z', 'Ärtor', 'Frysta Gröna Ärtor 500g', 'Remove', 1.00, NULL, NULL, 'SEK', 'Manual', NULL),
('2025-11-30T10:50:44.745Z', 'Ägg', 'Ägg Frigående 12-pack', 'Add', 1.00, 34.90, 34.90, 'SEK', 'Receipt', 47),
('2025-11-30T10:50:45.745Z', 'Äpple', 'Svenska Äpplen Ingrid Marie', 'Add', 1.40, 29.90, 41.86, 'SEK', 'Receipt', 47),
('2025-11-30T10:50:46.745Z', 'Gräddfil', 'Gräddfil 12% 3dl', 'Add', 1.00, 12.50, 12.50, 'SEK', 'Receipt', 47),
('2025-11-30T10:50:47.745Z', 'Ris', 'Jasminris 1kg', 'Add', 1.00, 32.90, 32.90, 'SEK', 'Receipt', 47),
('2025-11-30T10:50:48.745Z', 'Olivolja', 'Extra Virgin Olivolja 500ml', 'Add', 1.00, 69.90, 69.90, 'SEK', 'Receipt', 47),
('2025-11-30T10:50:49.745Z', 'Potatis', 'Fast Potatis 2kg', 'Add', 1.00, 29.90, 29.90, 'SEK', 'Receipt', 47),
('2025-11-30T10:50:50.745Z', 'Korv', 'Falukorv 800g', 'Add', 1.00, 44.90, 44.90, 'SEK', 'Receipt', 47),
('2025-11-30T10:50:51.745Z', 'Kaffe', 'Mellanrost Bryggkaffe 500g', 'Add', 1.00, 54.90, 54.90, 'SEK', 'Receipt', 47),
('2025-11-30T10:50:52.745Z', 'Fiskpinnar', 'Fiskpinnar 15-pack', 'Add', 1.00, 34.90, 34.90, 'SEK', 'Receipt', 47),
('2025-11-30T10:50:53.745Z', 'Kaffe', 'Mellanrost Bryggkaffe 500g', 'Add', 1.00, 54.90, 54.90, 'SEK', 'Receipt', 47),
('2025-12-01T10:50:44.745Z', 'Äpple', 'Svenska Äpplen Ingrid Marie', 'Remove', 0.50, NULL, NULL, 'SEK', 'Manual', NULL),
('2025-12-02T10:50:44.745Z', 'Gurka', 'Svensk Gurka', 'Remove', 1.00, NULL, NULL, 'SEK', 'Manual', NULL),
('2025-12-03T10:50:44.745Z', 'Havregryn', 'Havregryn 750g', 'Remove', 1.00, NULL, NULL, 'SEK', 'Manual', NULL),
('2025-12-04T10:50:44.745Z', 'Bacon', 'Alspånsrökt Bacon 140g', 'Remove', 1.00, NULL, NULL, 'SEK', 'Manual', NULL),
('2025-12-04T10:50:44.745Z', 'Ärtor', 'Frysta Gröna Ärtor 500g', 'Remove', 1.00, NULL, NULL, 'SEK', 'Manual', NULL),
('2025-12-04T10:50:44.745Z', 'Tomat', 'Kvisttomater', 'Remove', 0.30, NULL, NULL, 'SEK', 'Manual', NULL),
('2025-12-05T10:50:44.745Z', 'Potatis', 'Fast Potatis 2kg', 'Remove', 1.00, NULL, NULL, 'SEK', 'Manual', NULL),
('2025-12-05T10:50:44.745Z', 'Knäckebröd', 'Husmans Knäckebröd', 'Remove', 1.00, NULL, NULL, 'SEK', 'Manual', NULL),
('2025-12-05T10:50:44.745Z', 'Havregryn', 'Havregryn 750g', 'Remove', 1.00, NULL, NULL, 'SEK', 'Manual', NULL),
('2025-12-03T10:50:44.745Z', 'Tomat', 'Kvisttomater', 'Add', 1.40, 39.90, 55.86, 'SEK', 'Receipt', 48),
('2025-12-03T10:50:45.745Z', 'Äpple', 'Svenska Äpplen Ingrid Marie', 'Add', 1.20, 29.90, 35.88, 'SEK', 'Receipt', 48),
('2025-12-03T10:50:46.745Z', 'Rågbröd', 'Mörkt Rågbröd Skivat', 'Add', 3.00, 26.90, 80.70, 'SEK', 'Receipt', 48),
('2025-12-03T10:50:47.745Z', 'Lax', 'Färsk Laxfilé 4-pack', 'Add', 1.00, 99.00, 99.00, 'SEK', 'Receipt', 48),
('2025-12-03T10:50:48.745Z', 'Morot', 'Morötter i påse 1kg', 'Add', 3.00, 12.90, 38.70, 'SEK', 'Receipt', 48),
('2025-12-03T10:50:49.745Z', 'Korv', 'Falukorv 800g', 'Add', 1.00, 44.90, 44.90, 'SEK', 'Receipt', 48),
('2025-12-03T10:50:50.745Z', 'Kaffe', 'Mellanrost Bryggkaffe 500g', 'Add', 1.00, 54.90, 54.90, 'SEK', 'Receipt', 48),
('2025-12-03T10:50:51.745Z', 'Pommes frites', 'Strips 1kg', 'Add', 2.00, 29.90, 59.80, 'SEK', 'Receipt', 48),
('2025-12-03T10:50:52.745Z', 'Kaffe', 'Mellanrost Bryggkaffe 500g', 'Add', 1.00, 54.90, 54.90, 'SEK', 'Receipt', 48),
('2025-12-03T10:50:53.745Z', 'Smör', 'Svenskt Smör Normalsaltat 500g', 'Add', 1.00, 62.90, 62.90, 'SEK', 'Receipt', 48),
('2025-12-04T10:50:44.745Z', 'Banan', 'Ekologiska Bananer', 'Remove', 0.40, NULL, NULL, 'SEK', 'Manual', NULL),
('2025-12-04T10:50:44.745Z', 'Havregryn', 'Havregryn 750g', 'Remove', 1.00, NULL, NULL, 'SEK', 'Manual', NULL),
('2025-12-05T10:50:44.745Z', 'Gurka', 'Svensk Gurka', 'Remove', 1.00, NULL, NULL, 'SEK', 'Manual', NULL);

INSERT INTO History (Timestamp, ItemName, ExpandedName, Action, Quantity, Price, TotalPrice, Currency, Source, ReceiptId) VALUES
('2025-12-05T10:50:44.745Z', 'Morot', 'Morötter i påse 1kg', 'Remove', 1.00, NULL, NULL, 'SEK', 'Manual', NULL),
('2025-12-06T10:50:44.745Z', 'Rågbröd', 'Mörkt Rågbröd Skivat', 'Remove', 1.00, NULL, NULL, 'SEK', 'Manual', NULL),
('2025-12-06T10:50:44.745Z', 'Pasta', 'Spaghetti 1kg', 'Remove', 1.00, NULL, NULL, 'SEK', 'Manual', NULL),
('2025-12-06T10:50:44.745Z', 'Gurka', 'Svensk Gurka', 'Add', 3.00, 15.00, 45.00, 'SEK', 'Receipt', 49),
('2025-12-06T10:50:45.745Z', 'Kaffe', 'Mellanrost Bryggkaffe 500g', 'Add', 1.00, 54.90, 54.90, 'SEK', 'Receipt', 49),
('2025-12-06T10:50:46.745Z', 'Knäckebröd', 'Husmans Knäckebröd', 'Add', 2.00, 18.90, 37.80, 'SEK', 'Receipt', 49),
('2025-12-06T10:50:47.745Z', 'Lök', 'Gullök i nät 1kg', 'Add', 1.00, 14.90, 14.90, 'SEK', 'Receipt', 49),
('2025-12-06T10:50:48.745Z', 'Olivolja', 'Extra Virgin Olivolja 500ml', 'Add', 1.00, 69.90, 69.90, 'SEK', 'Receipt', 49),
('2025-12-06T10:50:49.745Z', 'Rågbröd', 'Mörkt Rågbröd Skivat', 'Add', 1.00, 26.90, 26.90, 'SEK', 'Receipt', 49),
('2025-12-07T10:50:44.745Z', 'Potatis', 'Fast Potatis 2kg', 'Remove', 1.00, NULL, NULL, 'SEK', 'Manual', NULL),
('2025-12-07T10:50:44.745Z', 'Äpple', 'Svenska Äpplen Ingrid Marie', 'Remove', 0.30, NULL, NULL, 'SEK', 'Manual', NULL),
('2025-12-07T10:50:44.745Z', 'Lök', 'Gullök i nät 1kg', 'Remove', 1.00, NULL, NULL, 'SEK', 'Manual', NULL),
('2025-12-08T10:50:44.745Z', 'Krossade tomater', 'Krossade Tomater 400g', 'Remove', 1.00, NULL, NULL, 'SEK', 'Manual', NULL),
('2025-12-09T10:50:44.745Z', 'Kaffe', 'Mellanrost Bryggkaffe 500g', 'Remove', 1.00, NULL, NULL, 'SEK', 'Manual', NULL),
('2025-12-09T10:50:44.745Z', 'Tomat', 'Kvisttomater', 'Remove', 0.50, NULL, NULL, 'SEK', 'Manual', NULL),
('2025-12-09T10:50:44.745Z', 'Yoghurt', 'Naturell Yoghurt 3% 1L', 'Remove', 1.00, NULL, NULL, 'SEK', 'Manual', NULL),
('2025-12-11T10:50:44.745Z', 'Banan', 'Ekologiska Bananer', 'Add', 1.00, 24.90, 24.90, 'SEK', 'Receipt', 50),
('2025-12-11T10:50:45.745Z', 'Ägg', 'Ägg Frigående 12-pack', 'Add', 1.00, 34.90, 34.90, 'SEK', 'Receipt', 50),
('2025-12-11T10:50:46.745Z', 'Fiskpinnar', 'Fiskpinnar 15-pack', 'Add', 1.00, 34.90, 34.90, 'SEK', 'Receipt', 50),
('2025-12-11T10:50:47.745Z', 'Äpple', 'Svenska Äpplen Ingrid Marie', 'Add', 0.50, 29.90, 14.95, 'SEK', 'Receipt', 50),
('2025-12-11T10:50:48.745Z', 'Kaffe', 'Mellanrost Bryggkaffe 500g', 'Add', 1.00, 54.90, 54.90, 'SEK', 'Receipt', 50),
('2025-12-11T10:50:49.745Z', 'Formfranska', 'Ljust Rostat Bröd', 'Add', 1.00, 22.90, 22.90, 'SEK', 'Receipt', 50),
('2025-12-11T10:50:50.745Z', 'Potatis', 'Fast Potatis 2kg', 'Add', 3.00, 29.90, 89.70, 'SEK', 'Receipt', 50),
('2025-12-11T10:50:51.745Z', 'Ärtor', 'Frysta Gröna Ärtor 500g', 'Add', 2.00, 19.90, 39.80, 'SEK', 'Receipt', 50),
('2025-12-11T10:50:52.745Z', 'Ost', 'Herrgård Herrgårdost 28% 700g', 'Add', 1.00, 89.00, 89.00, 'SEK', 'Receipt', 50),
('2025-12-11T10:50:53.745Z', 'Havregryn', 'Havregryn 750g', 'Add', 2.00, 16.90, 33.80, 'SEK', 'Receipt', 50),
('2025-12-12T10:50:44.745Z', 'Lök', 'Gullök i nät 1kg', 'Remove', 1.00, NULL, NULL, 'SEK', 'Manual', NULL),
('2025-12-12T10:50:44.745Z', 'Gurka', 'Svensk Gurka', 'Remove', 1.00, NULL, NULL, 'SEK', 'Manual', NULL),
('2025-12-12T10:50:44.745Z', 'Pommes frites', 'Strips 1kg', 'Remove', 1.00, NULL, NULL, 'SEK', 'Manual', NULL),
('2025-12-12T10:50:44.745Z', 'Pasta', 'Spaghetti 1kg', 'Remove', 1.00, NULL, NULL, 'SEK', 'Manual', NULL),
('2025-12-13T10:50:44.745Z', 'Kaffe', 'Mellanrost Bryggkaffe 500g', 'Remove', 1.00, NULL, NULL, 'SEK', 'Manual', NULL),
('2025-12-13T10:50:44.745Z', 'Lök', 'Gullök i nät 1kg', 'Remove', 1.00, NULL, NULL, 'SEK', 'Manual', NULL),
('2025-12-13T10:50:44.745Z', 'Yoghurt', 'Naturell Yoghurt 3% 1L', 'Remove', 1.00, NULL, NULL, 'SEK', 'Manual', NULL),
('2025-12-14T10:50:44.745Z', 'Havregryn', 'Havregryn 750g', 'Remove', 1.00, NULL, NULL, 'SEK', 'Manual', NULL),
('2025-12-14T10:50:44.745Z', 'Olivolja', 'Extra Virgin Olivolja 500ml', 'Remove', 1.00, NULL, NULL, 'SEK', 'Manual', NULL),
('2025-12-14T10:50:44.745Z', 'Smör', 'Svenskt Smör Normalsaltat 500g', 'Remove', 1.00, NULL, NULL, 'SEK', 'Manual', NULL),
('2025-12-14T10:50:44.745Z', 'Gurka', 'Svensk Gurka', 'Remove', 1.00, NULL, NULL, 'SEK', 'Manual', NULL),
('2025-12-15T10:50:44.745Z', 'Ris', 'Jasminris 1kg', 'Remove', 1.00, NULL, NULL, 'SEK', 'Manual', NULL),
('2025-12-15T10:50:44.745Z', 'Bacon', 'Alspånsrökt Bacon 140g', 'Remove', 1.00, NULL, NULL, 'SEK', 'Manual', NULL),
('2025-12-15T10:50:44.745Z', 'Bacon', 'Alspånsrökt Bacon 140g', 'Remove', 1.00, NULL, NULL, 'SEK', 'Manual', NULL),
('2025-12-15T10:50:44.745Z', 'Ägg', 'Ägg Frigående 12-pack', 'Remove', 1.00, NULL, NULL, 'SEK', 'Manual', NULL),
('2025-12-16T10:50:44.745Z', 'Olivolja', 'Extra Virgin Olivolja 500ml', 'Remove', 1.00, NULL, NULL, 'SEK', 'Manual', NULL),
('2025-12-16T10:50:44.745Z', 'Tomat', 'Kvisttomater', 'Remove', 0.20, NULL, NULL, 'SEK', 'Manual', NULL),
('2025-12-15T10:50:44.745Z', 'Korv', 'Falukorv 800g', 'Add', 1.00, 44.90, 44.90, 'SEK', 'Receipt', 51),
('2025-12-15T10:50:45.745Z', 'Ägg', 'Ägg Frigående 12-pack', 'Add', 1.00, 34.90, 34.90, 'SEK', 'Receipt', 51),
('2025-12-15T10:50:46.745Z', 'Tomat', 'Kvisttomater', 'Add', 0.50, 39.90, 19.95, 'SEK', 'Receipt', 51),
('2025-12-15T10:50:47.745Z', 'Krossade tomater', 'Krossade Tomater 400g', 'Add', 3.00, 11.90, 35.70, 'SEK', 'Receipt', 51),
('2025-12-15T10:50:48.745Z', 'Olivolja', 'Extra Virgin Olivolja 500ml', 'Add', 1.00, 69.90, 69.90, 'SEK', 'Receipt', 51),
('2025-12-15T10:50:49.745Z', 'Bacon', 'Alspånsrökt Bacon 140g', 'Add', 3.00, 14.90, 44.70, 'SEK', 'Receipt', 51),
('2025-12-15T10:50:50.745Z', 'Havregryn', 'Havregryn 750g', 'Add', 1.00, 16.90, 16.90, 'SEK', 'Receipt', 51),
('2025-12-15T10:50:51.745Z', 'Morot', 'Morötter i påse 1kg', 'Add', 3.00, 12.90, 38.70, 'SEK', 'Receipt', 51),
('2025-12-15T10:50:52.745Z', 'Ägg', 'Ägg Frigående 12-pack', 'Add', 1.00, 34.90, 34.90, 'SEK', 'Receipt', 51),
('2025-12-15T10:50:53.745Z', 'Pommes frites', 'Strips 1kg', 'Add', 3.00, 29.90, 89.70, 'SEK', 'Receipt', 51),
('2025-12-15T10:50:54.745Z', 'Mjölk', 'Mellanmjölk 1.5% 1L', 'Add', 3.00, 14.90, 44.70, 'SEK', 'Receipt', 51),
('2025-12-15T10:50:55.745Z', 'Korv', 'Falukorv 800g', 'Add', 1.00, 44.90, 44.90, 'SEK', 'Receipt', 51),
('2025-12-15T10:50:56.745Z', 'Ärtor', 'Frysta Gröna Ärtor 500g', 'Add', 2.00, 19.90, 39.80, 'SEK', 'Receipt', 51),
('2025-12-15T10:50:57.745Z', 'Kaffe', 'Mellanrost Bryggkaffe 500g', 'Add', 1.00, 54.90, 54.90, 'SEK', 'Receipt', 51),
('2025-12-16T10:50:44.745Z', 'Fiskpinnar', 'Fiskpinnar 15-pack', 'Remove', 1.00, NULL, NULL, 'SEK', 'Manual', NULL),
('2025-12-16T10:50:44.745Z', 'Gräddfil', 'Gräddfil 12% 3dl', 'Remove', 1.00, NULL, NULL, 'SEK', 'Manual', NULL),
('2025-12-16T10:50:44.745Z', 'Krossade tomater', 'Krossade Tomater 400g', 'Remove', 1.00, NULL, NULL, 'SEK', 'Manual', NULL),
('2025-12-17T10:50:44.745Z', 'Bacon', 'Alspånsrökt Bacon 140g', 'Remove', 1.00, NULL, NULL, 'SEK', 'Manual', NULL),
('2025-12-17T10:50:44.745Z', 'Korv', 'Falukorv 800g', 'Remove', 1.00, NULL, NULL, 'SEK', 'Manual', NULL),
('2025-12-17T10:50:44.745Z', 'Knäckebröd', 'Husmans Knäckebröd', 'Remove', 1.00, NULL, NULL, 'SEK', 'Manual', NULL),
('2025-12-17T10:50:44.745Z', 'Morot', 'Morötter i påse 1kg', 'Remove', 1.00, NULL, NULL, 'SEK', 'Manual', NULL),
('2025-12-18T10:50:44.745Z', 'Lax', 'Färsk Laxfilé 4-pack', 'Remove', 1.00, NULL, NULL, 'SEK', 'Manual', NULL),
('2025-12-19T10:50:44.745Z', 'Mjölk', 'Mellanmjölk 1.5% 1L', 'Remove', 1.00, NULL, NULL, 'SEK', 'Manual', NULL),
('2025-12-19T10:50:44.745Z', 'Pommes frites', 'Strips 1kg', 'Remove', 1.00, NULL, NULL, 'SEK', 'Manual', NULL),
('2025-12-19T10:50:44.745Z', 'Lax', 'Färsk Laxfilé 4-pack', 'Remove', 1.00, NULL, NULL, 'SEK', 'Manual', NULL),
('2025-12-20T10:50:44.745Z', 'Olivolja', 'Extra Virgin Olivolja 500ml', 'Add', 1.00, 69.90, 69.90, 'SEK', 'Receipt', 52),
('2025-12-20T10:50:45.745Z', 'Pasta', 'Spaghetti 1kg', 'Add', 2.00, 24.90, 49.80, 'SEK', 'Receipt', 52),
('2025-12-20T10:50:46.745Z', 'Ris', 'Jasminris 1kg', 'Add', 1.00, 32.90, 32.90, 'SEK', 'Receipt', 52),
('2025-12-20T10:50:47.745Z', 'Smör', 'Svenskt Smör Normalsaltat 500g', 'Add', 1.00, 62.90, 62.90, 'SEK', 'Receipt', 52),
('2025-12-20T10:50:48.745Z', 'Äpple', 'Svenska Äpplen Ingrid Marie', 'Add', 0.50, 29.90, 14.95, 'SEK', 'Receipt', 52),
('2025-12-20T10:50:49.745Z', 'Morot', 'Morötter i påse 1kg', 'Add', 2.00, 12.90, 25.80, 'SEK', 'Receipt', 52),
('2025-12-20T10:50:50.745Z', 'Lök', 'Gullök i nät 1kg', 'Add', 2.00, 14.90, 29.80, 'SEK', 'Receipt', 52),
('2025-12-21T10:50:44.745Z', 'Tomat', 'Kvisttomater', 'Remove', 0.40, NULL, NULL, 'SEK', 'Manual', NULL),
('2025-12-21T10:50:44.745Z', 'Mjölk', 'Mellanmjölk 1.5% 1L', 'Remove', 1.00, NULL, NULL, 'SEK', 'Manual', NULL),
('2025-12-22T10:50:44.745Z', 'Morot', 'Morötter i påse 1kg', 'Remove', 1.00, NULL, NULL, 'SEK', 'Manual', NULL),
('2025-12-22T10:50:44.745Z', 'Mjölk', 'Mellanmjölk 1.5% 1L', 'Remove', 1.00, NULL, NULL, 'SEK', 'Manual', NULL),
('2025-12-23T10:50:44.745Z', 'Ris', 'Jasminris 1kg', 'Remove', 1.00, NULL, NULL, 'SEK', 'Manual', NULL),
('2025-12-23T10:50:44.745Z', 'Havregryn', 'Havregryn 750g', 'Remove', 1.00, NULL, NULL, 'SEK', 'Manual', NULL),
('2025-12-23T10:50:44.745Z', 'Pasta', 'Spaghetti 1kg', 'Remove', 1.00, NULL, NULL, 'SEK', 'Manual', NULL),
('2025-12-24T10:50:44.745Z', 'Ärtor', 'Frysta Gröna Ärtor 500g', 'Remove', 1.00, NULL, NULL, 'SEK', 'Manual', NULL),
('2025-12-24T10:50:44.745Z', 'Havregryn', 'Havregryn 750g', 'Remove', 1.00, NULL, NULL, 'SEK', 'Manual', NULL),
('2025-12-24T10:50:44.745Z', 'Lax', 'Färsk Laxfilé 4-pack', 'Remove', 1.00, NULL, NULL, 'SEK', 'Manual', NULL),
('2025-12-25T10:50:44.745Z', 'Ägg', 'Ägg Frigående 12-pack', 'Remove', 1.00, NULL, NULL, 'SEK', 'Manual', NULL),
('2025-12-25T10:50:44.745Z', 'Gräddfil', 'Gräddfil 12% 3dl', 'Remove', 1.00, NULL, NULL, 'SEK', 'Manual', NULL),
('2025-12-24T10:50:44.745Z', 'Ägg', 'Ägg Frigående 12-pack', 'Add', 1.00, 34.90, 34.90, 'SEK', 'Receipt', 53),
('2025-12-24T10:50:45.745Z', 'Ris', 'Jasminris 1kg', 'Add', 1.00, 32.90, 32.90, 'SEK', 'Receipt', 53),
('2025-12-24T10:50:46.745Z', 'Ris', 'Jasminris 1kg', 'Add', 1.00, 32.90, 32.90, 'SEK', 'Receipt', 53),
('2025-12-24T10:50:47.745Z', 'Ost', 'Herrgård Herrgårdost 28% 700g', 'Add', 1.00, 89.00, 89.00, 'SEK', 'Receipt', 53),
('2025-12-24T10:50:48.745Z', 'Pasta', 'Spaghetti 1kg', 'Add', 3.00, 24.90, 74.70, 'SEK', 'Receipt', 53),
('2025-12-24T10:50:49.745Z', 'Olivolja', 'Extra Virgin Olivolja 500ml', 'Add', 1.00, 69.90, 69.90, 'SEK', 'Receipt', 53),
('2025-12-24T10:50:50.745Z', 'Potatis', 'Fast Potatis 2kg', 'Add', 2.00, 29.90, 59.80, 'SEK', 'Receipt', 53),
('2025-12-24T10:50:51.745Z', 'Hushållspapper', 'Hushållspapper 4-rullar', 'Add', 1.00, 39.90, 39.90, 'SEK', 'Receipt', 53),
('2025-12-24T10:50:52.745Z', 'Olivolja', 'Extra Virgin Olivolja 500ml', 'Add', 1.00, 69.90, 69.90, 'SEK', 'Receipt', 53),
('2025-12-24T10:50:53.745Z', 'Toalettpapper', 'Toalettpapper 8-rullar', 'Add', 1.00, 49.90, 49.90, 'SEK', 'Receipt', 53),
('2025-12-25T10:50:44.745Z', 'Havregryn', 'Havregryn 750g', 'Remove', 1.00, NULL, NULL, 'SEK', 'Manual', NULL),
('2025-12-25T10:50:44.745Z', 'Olivolja', 'Extra Virgin Olivolja 500ml', 'Remove', 1.00, NULL, NULL, 'SEK', 'Manual', NULL),
('2025-12-26T10:50:44.745Z', 'Smör', 'Svenskt Smör Normalsaltat 500g', 'Remove', 1.00, NULL, NULL, 'SEK', 'Manual', NULL);

INSERT INTO History (Timestamp, ItemName, ExpandedName, Action, Quantity, Price, TotalPrice, Currency, Source, ReceiptId) VALUES
('2025-12-26T10:50:44.745Z', 'Ost', 'Herrgård Herrgårdost 28% 700g', 'Remove', 1.00, NULL, NULL, 'SEK', 'Manual', NULL),
('2025-12-27T10:50:44.745Z', 'Pommes frites', 'Strips 1kg', 'Remove', 1.00, NULL, NULL, 'SEK', 'Manual', NULL),
('2025-12-27T10:50:44.745Z', 'Morot', 'Morötter i påse 1kg', 'Remove', 1.00, NULL, NULL, 'SEK', 'Manual', NULL),
('2025-12-28T10:50:44.745Z', 'Ost', 'Herrgård Herrgårdost 28% 700g', 'Remove', 1.00, NULL, NULL, 'SEK', 'Manual', NULL),
('2025-12-28T10:50:44.745Z', 'Formfranska', 'Ljust Rostat Bröd', 'Remove', 1.00, NULL, NULL, 'SEK', 'Manual', NULL),
('2025-12-28T10:50:44.745Z', 'Bacon', 'Alspånsrökt Bacon 140g', 'Remove', 1.00, NULL, NULL, 'SEK', 'Manual', NULL),
('2025-12-28T10:50:44.745Z', 'Gräddfil', 'Gräddfil 12% 3dl', 'Remove', 1.00, NULL, NULL, 'SEK', 'Manual', NULL),
('2025-12-31T10:50:44.745Z', 'Lax', 'Färsk Laxfilé 4-pack', 'Add', 1.00, 99.00, 99.00, 'SEK', 'Receipt', 54),
('2025-12-31T10:50:45.745Z', 'Lax', 'Färsk Laxfilé 4-pack', 'Add', 1.00, 99.00, 99.00, 'SEK', 'Receipt', 54),
('2025-12-31T10:50:46.745Z', 'Banan', 'Ekologiska Bananer', 'Add', 1.50, 24.90, 37.35, 'SEK', 'Receipt', 54),
('2025-12-31T10:50:47.745Z', 'Bacon', 'Alspånsrökt Bacon 140g', 'Add', 3.00, 14.90, 44.70, 'SEK', 'Receipt', 54),
('2025-12-31T10:50:48.745Z', 'Lax', 'Färsk Laxfilé 4-pack', 'Add', 1.00, 99.00, 99.00, 'SEK', 'Receipt', 54),
('2025-12-31T10:50:49.745Z', 'Potatis', 'Fast Potatis 2kg', 'Add', 3.00, 29.90, 89.70, 'SEK', 'Receipt', 54),
('2025-12-31T10:50:50.745Z', 'Hushållspapper', 'Hushållspapper 4-rullar', 'Add', 1.00, 39.90, 39.90, 'SEK', 'Receipt', 54),
('2025-12-31T10:50:51.745Z', 'Smör', 'Svenskt Smör Normalsaltat 500g', 'Add', 1.00, 62.90, 62.90, 'SEK', 'Receipt', 54),
('2025-12-31T10:50:52.745Z', 'Lax', 'Färsk Laxfilé 4-pack', 'Add', 1.00, 99.00, 99.00, 'SEK', 'Receipt', 54),
('2025-12-31T10:50:53.745Z', 'Olivolja', 'Extra Virgin Olivolja 500ml', 'Add', 1.00, 69.90, 69.90, 'SEK', 'Receipt', 54),
('2026-01-01T10:50:44.745Z', 'Yoghurt', 'Naturell Yoghurt 3% 1L', 'Remove', 1.00, NULL, NULL, 'SEK', 'Manual', NULL),
('2026-01-01T10:50:44.745Z', 'Pommes frites', 'Strips 1kg', 'Remove', 1.00, NULL, NULL, 'SEK', 'Manual', NULL),
('2026-01-01T10:50:44.745Z', 'Lax', 'Färsk Laxfilé 4-pack', 'Remove', 1.00, NULL, NULL, 'SEK', 'Manual', NULL),
('2026-01-01T10:50:44.745Z', 'Rågbröd', 'Mörkt Rågbröd Skivat', 'Remove', 1.00, NULL, NULL, 'SEK', 'Manual', NULL),
('2026-01-02T10:50:44.745Z', 'Gurka', 'Svensk Gurka', 'Remove', 1.00, NULL, NULL, 'SEK', 'Manual', NULL),
('2026-01-03T10:50:44.745Z', 'Tomat', 'Kvisttomater', 'Remove', 0.40, NULL, NULL, 'SEK', 'Manual', NULL),
('2026-01-03T10:50:44.745Z', 'Gräddfil', 'Gräddfil 12% 3dl', 'Remove', 1.00, NULL, NULL, 'SEK', 'Manual', NULL),
('2026-01-03T10:50:44.745Z', 'Pommes frites', 'Strips 1kg', 'Remove', 1.00, NULL, NULL, 'SEK', 'Manual', NULL),
('2026-01-04T10:50:44.745Z', 'Toalettpapper', 'Toalettpapper 8-rullar', 'Remove', 1.00, NULL, NULL, 'SEK', 'Manual', NULL),
('2026-01-04T10:50:44.745Z', 'Banan', 'Ekologiska Bananer', 'Remove', 0.30, NULL, NULL, 'SEK', 'Manual', NULL),
('2026-01-04T10:50:44.745Z', 'Havregryn', 'Havregryn 750g', 'Remove', 1.00, NULL, NULL, 'SEK', 'Manual', NULL),
('2026-01-04T10:50:44.745Z', 'Banan', 'Ekologiska Bananer', 'Remove', 0.50, NULL, NULL, 'SEK', 'Manual', NULL),
('2026-01-05T10:50:44.745Z', 'Lök', 'Gullök i nät 1kg', 'Remove', 1.00, NULL, NULL, 'SEK', 'Manual', NULL),
('2026-01-05T10:50:44.745Z', 'Krossade tomater', 'Krossade Tomater 400g', 'Remove', 1.00, NULL, NULL, 'SEK', 'Manual', NULL),
('2026-01-05T10:50:44.745Z', 'Rågbröd', 'Mörkt Rågbröd Skivat', 'Remove', 1.00, NULL, NULL, 'SEK', 'Manual', NULL),
('2026-01-05T10:50:44.745Z', 'Formfranska', 'Ljust Rostat Bröd', 'Remove', 1.00, NULL, NULL, 'SEK', 'Manual', NULL),
('2026-01-06T10:50:44.745Z', 'Morot', 'Morötter i påse 1kg', 'Remove', 1.00, NULL, NULL, 'SEK', 'Manual', NULL),
('2026-01-07T10:50:44.745Z', 'Krossade tomater', 'Krossade Tomater 400g', 'Remove', 1.00, NULL, NULL, 'SEK', 'Manual', NULL),
('2026-01-07T10:50:44.745Z', 'Äpple', 'Svenska Äpplen Ingrid Marie', 'Add', 1.90, 29.90, 56.81, 'SEK', 'Receipt', 55),
('2026-01-07T10:50:45.745Z', 'Fiskpinnar', 'Fiskpinnar 15-pack', 'Add', 1.00, 34.90, 34.90, 'SEK', 'Receipt', 55),
('2026-01-07T10:50:46.745Z', 'Formfranska', 'Ljust Rostat Bröd', 'Add', 1.00, 22.90, 22.90, 'SEK', 'Receipt', 55),
('2026-01-07T10:50:47.745Z', 'Formfranska', 'Ljust Rostat Bröd', 'Add', 3.00, 22.90, 68.70, 'SEK', 'Receipt', 55),
('2026-01-07T10:50:48.745Z', 'Tomat', 'Kvisttomater', 'Add', 1.90, 39.90, 75.81, 'SEK', 'Receipt', 55),
('2026-01-07T10:50:49.745Z', 'Morot', 'Morötter i påse 1kg', 'Add', 1.00, 12.90, 12.90, 'SEK', 'Receipt', 55),
('2026-01-07T10:50:50.745Z', 'Köttfärs', 'Nötfärs 12% 500g', 'Add', 1.00, 59.90, 59.90, 'SEK', 'Receipt', 55),
('2026-01-07T10:50:51.745Z', 'Bacon', 'Alspånsrökt Bacon 140g', 'Add', 3.00, 14.90, 44.70, 'SEK', 'Receipt', 55),
('2026-01-07T10:50:52.745Z', 'Hushållspapper', 'Hushållspapper 4-rullar', 'Add', 1.00, 39.90, 39.90, 'SEK', 'Receipt', 55),
('2026-01-07T10:50:53.745Z', 'Äpple', 'Svenska Äpplen Ingrid Marie', 'Add', 1.60, 29.90, 47.84, 'SEK', 'Receipt', 55),
('2026-01-07T10:50:54.745Z', 'Kycklingfilé', 'Färsk Kycklingbröstfilé 1kg', 'Add', 1.00, 119.00, 119.00, 'SEK', 'Receipt', 55),
('2026-01-07T10:50:55.745Z', 'Smör', 'Svenskt Smör Normalsaltat 500g', 'Add', 1.00, 62.90, 62.90, 'SEK', 'Receipt', 55),
('2026-01-08T10:50:44.745Z', 'Lök', 'Gullök i nät 1kg', 'Remove', 1.00, NULL, NULL, 'SEK', 'Manual', NULL),
('2026-01-08T10:50:44.745Z', 'Banan', 'Ekologiska Bananer', 'Remove', 0.30, NULL, NULL, 'SEK', 'Manual', NULL),
('2026-01-08T10:50:44.745Z', 'Gräddfil', 'Gräddfil 12% 3dl', 'Remove', 1.00, NULL, NULL, 'SEK', 'Manual', NULL),
('2026-01-09T10:50:44.745Z', 'Ägg', 'Ägg Frigående 12-pack', 'Remove', 1.00, NULL, NULL, 'SEK', 'Manual', NULL),
('2026-01-09T10:50:44.745Z', 'Pasta', 'Spaghetti 1kg', 'Remove', 1.00, NULL, NULL, 'SEK', 'Manual', NULL),
('2026-01-09T10:50:44.745Z', 'Knäckebröd', 'Husmans Knäckebröd', 'Remove', 1.00, NULL, NULL, 'SEK', 'Manual', NULL),
('2026-01-09T10:50:44.745Z', 'Havregryn', 'Havregryn 750g', 'Remove', 1.00, NULL, NULL, 'SEK', 'Manual', NULL),
('2026-01-10T10:50:44.745Z', 'Havregryn', 'Havregryn 750g', 'Remove', 1.00, NULL, NULL, 'SEK', 'Manual', NULL),
('2026-01-10T10:50:44.745Z', 'Pommes frites', 'Strips 1kg', 'Remove', 1.00, NULL, NULL, 'SEK', 'Manual', NULL),
('2026-01-10T10:50:44.745Z', 'Havregryn', 'Havregryn 750g', 'Remove', 1.00, NULL, NULL, 'SEK', 'Manual', NULL),
('2026-01-10T10:50:44.745Z', 'Gurka', 'Svensk Gurka', 'Remove', 1.00, NULL, NULL, 'SEK', 'Manual', NULL),
('2026-01-11T10:50:44.745Z', 'Gräddfil', 'Gräddfil 12% 3dl', 'Remove', 1.00, NULL, NULL, 'SEK', 'Manual', NULL),
('2026-01-11T10:50:44.745Z', 'Lax', 'Färsk Laxfilé 4-pack', 'Remove', 1.00, NULL, NULL, 'SEK', 'Manual', NULL),
('2026-01-11T10:50:44.745Z', 'Fiskpinnar', 'Fiskpinnar 15-pack', 'Remove', 1.00, NULL, NULL, 'SEK', 'Manual', NULL),
('2026-01-11T10:50:44.745Z', 'Olivolja', 'Extra Virgin Olivolja 500ml', 'Remove', 1.00, NULL, NULL, 'SEK', 'Manual', NULL),
('2026-01-12T10:50:44.745Z', 'Lax', 'Färsk Laxfilé 4-pack', 'Remove', 1.00, NULL, NULL, 'SEK', 'Manual', NULL),
('2026-01-12T10:50:44.745Z', 'Gräddfil', 'Gräddfil 12% 3dl', 'Remove', 1.00, NULL, NULL, 'SEK', 'Manual', NULL),
('2026-01-13T10:50:44.745Z', 'Pommes frites', 'Strips 1kg', 'Remove', 1.00, NULL, NULL, 'SEK', 'Manual', NULL),
('2026-01-13T10:50:44.745Z', 'Tomat', 'Kvisttomater', 'Remove', 0.20, NULL, NULL, 'SEK', 'Manual', NULL),
('2026-01-13T10:50:44.745Z', 'Rågbröd', 'Mörkt Rågbröd Skivat', 'Remove', 1.00, NULL, NULL, 'SEK', 'Manual', NULL),
('2026-01-13T10:50:44.745Z', 'Hushållspapper', 'Hushållspapper 4-rullar', 'Remove', 1.00, NULL, NULL, 'SEK', 'Manual', NULL),
('2026-01-14T10:50:44.745Z', 'Ris', 'Jasminris 1kg', 'Remove', 1.00, NULL, NULL, 'SEK', 'Manual', NULL),
('2026-01-14T10:50:44.745Z', 'Gräddfil', 'Gräddfil 12% 3dl', 'Remove', 1.00, NULL, NULL, 'SEK', 'Manual', NULL),
('2026-01-14T10:50:44.745Z', 'Köttfärs', 'Nötfärs 12% 500g', 'Remove', 1.00, NULL, NULL, 'SEK', 'Manual', NULL),
('2026-01-14T10:50:44.745Z', 'Potatis', 'Fast Potatis 2kg', 'Remove', 1.00, NULL, NULL, 'SEK', 'Manual', NULL),
('2026-01-10T10:50:44.745Z', 'Banan', 'Ekologiska Bananer', 'Add', 1.00, 24.90, 24.90, 'SEK', 'Receipt', 56),
('2026-01-10T10:50:45.745Z', 'Olivolja', 'Extra Virgin Olivolja 500ml', 'Add', 1.00, 69.90, 69.90, 'SEK', 'Receipt', 56),
('2026-01-10T10:50:46.745Z', 'Formfranska', 'Ljust Rostat Bröd', 'Add', 1.00, 22.90, 22.90, 'SEK', 'Receipt', 56),
('2026-01-10T10:50:47.745Z', 'Gurka', 'Svensk Gurka', 'Add', 3.00, 15.00, 45.00, 'SEK', 'Receipt', 56),
('2026-01-10T10:50:48.745Z', 'Köttfärs', 'Nötfärs 12% 500g', 'Add', 1.00, 59.90, 59.90, 'SEK', 'Receipt', 56),
('2026-01-10T10:50:49.745Z', 'Bacon', 'Alspånsrökt Bacon 140g', 'Add', 1.00, 14.90, 14.90, 'SEK', 'Receipt', 56),
('2026-01-10T10:50:50.745Z', 'Gräddfil', 'Gräddfil 12% 3dl', 'Add', 3.00, 12.50, 37.50, 'SEK', 'Receipt', 56),
('2026-01-10T10:50:51.745Z', 'Yoghurt', 'Naturell Yoghurt 3% 1L', 'Add', 2.00, 22.50, 45.00, 'SEK', 'Receipt', 56),
('2026-01-10T10:50:52.745Z', 'Köttfärs', 'Nötfärs 12% 500g', 'Add', 1.00, 59.90, 59.90, 'SEK', 'Receipt', 56),
('2026-01-10T10:50:53.745Z', 'Mjölk', 'Mellanmjölk 1.5% 1L', 'Add', 2.00, 14.90, 29.80, 'SEK', 'Receipt', 56),
('2026-01-10T10:50:54.745Z', 'Yoghurt', 'Naturell Yoghurt 3% 1L', 'Add', 3.00, 22.50, 67.50, 'SEK', 'Receipt', 56),
('2026-01-10T10:50:55.745Z', 'Pommes frites', 'Strips 1kg', 'Add', 3.00, 29.90, 89.70, 'SEK', 'Receipt', 56),
('2026-01-10T10:50:56.745Z', 'Olivolja', 'Extra Virgin Olivolja 500ml', 'Add', 1.00, 69.90, 69.90, 'SEK', 'Receipt', 56),
('2026-01-10T10:50:57.745Z', 'Köttfärs', 'Nötfärs 12% 500g', 'Add', 1.00, 59.90, 59.90, 'SEK', 'Receipt', 56),
('2026-01-11T10:50:44.745Z', 'Knäckebröd', 'Husmans Knäckebröd', 'Remove', 1.00, NULL, NULL, 'SEK', 'Manual', NULL),
('2026-01-12T10:50:44.745Z', 'Yoghurt', 'Naturell Yoghurt 3% 1L', 'Remove', 1.00, NULL, NULL, 'SEK', 'Manual', NULL),
('2026-01-13T10:50:44.745Z', 'Köttfärs', 'Nötfärs 12% 500g', 'Remove', 1.00, NULL, NULL, 'SEK', 'Manual', NULL),
('2026-01-13T10:50:44.745Z', 'Yoghurt', 'Naturell Yoghurt 3% 1L', 'Remove', 1.00, NULL, NULL, 'SEK', 'Manual', NULL),
('2026-01-13T10:50:44.745Z', 'Korv', 'Falukorv 800g', 'Remove', 1.00, NULL, NULL, 'SEK', 'Manual', NULL),
('2026-01-14T10:50:44.745Z', 'Pommes frites', 'Strips 1kg', 'Add', 1.00, 29.90, 29.90, 'SEK', 'Receipt', 57),
('2026-01-14T10:50:45.745Z', 'Knäckebröd', 'Husmans Knäckebröd', 'Add', 3.00, 18.90, 56.70, 'SEK', 'Receipt', 57),
('2026-01-14T10:50:46.745Z', 'Smör', 'Svenskt Smör Normalsaltat 500g', 'Add', 1.00, 62.90, 62.90, 'SEK', 'Receipt', 57),
('2026-01-14T10:50:47.745Z', 'Köttfärs', 'Nötfärs 12% 500g', 'Add', 1.00, 59.90, 59.90, 'SEK', 'Receipt', 57),
('2026-01-14T10:50:48.745Z', 'Tvättmedel', 'Kulörtvättmedel 1kg', 'Add', 1.00, 45.00, 45.00, 'SEK', 'Receipt', 57),
('2026-01-14T10:50:49.745Z', 'Yoghurt', 'Naturell Yoghurt 3% 1L', 'Add', 3.00, 22.50, 67.50, 'SEK', 'Receipt', 57),
('2026-01-14T10:50:50.745Z', 'Toalettpapper', 'Toalettpapper 8-rullar', 'Add', 1.00, 49.90, 49.90, 'SEK', 'Receipt', 57),
('2026-01-15T10:50:44.745Z', 'Krossade tomater', 'Krossade Tomater 400g', 'Remove', 1.00, NULL, NULL, 'SEK', 'Manual', NULL),
('2026-01-15T10:50:44.745Z', 'Krossade tomater', 'Krossade Tomater 400g', 'Remove', 1.00, NULL, NULL, 'SEK', 'Manual', NULL);

INSERT INTO History (Timestamp, ItemName, ExpandedName, Action, Quantity, Price, TotalPrice, Currency, Source, ReceiptId) VALUES
('2026-01-15T10:50:44.745Z', 'Köttfärs', 'Nötfärs 12% 500g', 'Remove', 1.00, NULL, NULL, 'SEK', 'Manual', NULL),
('2026-01-16T10:50:44.745Z', 'Lök', 'Gullök i nät 1kg', 'Remove', 1.00, NULL, NULL, 'SEK', 'Manual', NULL),
('2026-01-16T10:50:44.745Z', 'Pommes frites', 'Strips 1kg', 'Remove', 1.00, NULL, NULL, 'SEK', 'Manual', NULL),
('2026-01-16T10:50:44.745Z', 'Mjölk', 'Mellanmjölk 1.5% 1L', 'Remove', 1.00, NULL, NULL, 'SEK', 'Manual', NULL),
('2026-01-16T10:50:44.745Z', 'Havregryn', 'Havregryn 750g', 'Remove', 1.00, NULL, NULL, 'SEK', 'Manual', NULL),
('2026-01-17T10:50:44.745Z', 'Tvättmedel', 'Kulörtvättmedel 1kg', 'Remove', 1.00, NULL, NULL, 'SEK', 'Manual', NULL),
('2026-01-17T10:50:44.745Z', 'Olivolja', 'Extra Virgin Olivolja 500ml', 'Remove', 1.00, NULL, NULL, 'SEK', 'Manual', NULL),
('2026-01-17T10:50:44.745Z', 'Tomat', 'Kvisttomater', 'Remove', 0.40, NULL, NULL, 'SEK', 'Manual', NULL),
('2026-01-18T10:50:44.745Z', 'Smör', 'Svenskt Smör Normalsaltat 500g', 'Remove', 1.00, NULL, NULL, 'SEK', 'Manual', NULL),
('2026-01-18T10:50:44.745Z', 'Köttfärs', 'Nötfärs 12% 500g', 'Remove', 1.00, NULL, NULL, 'SEK', 'Manual', NULL),
('2026-01-19T10:50:44.745Z', 'Krossade tomater', 'Krossade Tomater 400g', 'Add', 3.00, 11.90, 35.70, 'SEK', 'Receipt', 58),
('2026-01-19T10:50:45.745Z', 'Tomat', 'Kvisttomater', 'Add', 1.00, 39.90, 39.90, 'SEK', 'Receipt', 58),
('2026-01-19T10:50:46.745Z', 'Pasta', 'Spaghetti 1kg', 'Add', 2.00, 24.90, 49.80, 'SEK', 'Receipt', 58),
('2026-01-19T10:50:47.745Z', 'Pasta', 'Spaghetti 1kg', 'Add', 1.00, 24.90, 24.90, 'SEK', 'Receipt', 58),
('2026-01-19T10:50:48.745Z', 'Gurka', 'Svensk Gurka', 'Add', 1.00, 15.00, 15.00, 'SEK', 'Receipt', 58),
('2026-01-19T10:50:49.745Z', 'Potatis', 'Fast Potatis 2kg', 'Add', 1.00, 29.90, 29.90, 'SEK', 'Receipt', 58),
('2026-01-19T10:50:50.745Z', 'Smör', 'Svenskt Smör Normalsaltat 500g', 'Add', 1.00, 62.90, 62.90, 'SEK', 'Receipt', 58),
('2026-01-19T10:50:51.745Z', 'Smör', 'Svenskt Smör Normalsaltat 500g', 'Add', 1.00, 62.90, 62.90, 'SEK', 'Receipt', 58),
('2026-01-19T10:50:52.745Z', 'Bacon', 'Alspånsrökt Bacon 140g', 'Add', 1.00, 14.90, 14.90, 'SEK', 'Receipt', 58),
('2026-01-20T10:50:44.745Z', 'Knäckebröd', 'Husmans Knäckebröd', 'Remove', 1.00, NULL, NULL, 'SEK', 'Manual', NULL),
('2026-01-20T10:50:44.745Z', 'Morot', 'Morötter i påse 1kg', 'Remove', 1.00, NULL, NULL, 'SEK', 'Manual', NULL),
('2026-01-20T10:50:44.745Z', 'Pommes frites', 'Strips 1kg', 'Remove', 1.00, NULL, NULL, 'SEK', 'Manual', NULL),
('2026-01-20T10:50:44.745Z', 'Formfranska', 'Ljust Rostat Bröd', 'Remove', 1.00, NULL, NULL, 'SEK', 'Manual', NULL),
('2026-01-21T10:50:44.745Z', 'Gurka', 'Svensk Gurka', 'Remove', 1.00, NULL, NULL, 'SEK', 'Manual', NULL),
('2026-01-21T10:50:44.745Z', 'Formfranska', 'Ljust Rostat Bröd', 'Remove', 1.00, NULL, NULL, 'SEK', 'Manual', NULL),
('2026-01-21T10:50:44.745Z', 'Äpple', 'Svenska Äpplen Ingrid Marie', 'Remove', 0.30, NULL, NULL, 'SEK', 'Manual', NULL),
('2026-01-22T10:50:44.745Z', 'Kycklingfilé', 'Färsk Kycklingbröstfilé 1kg', 'Remove', 1.00, NULL, NULL, 'SEK', 'Manual', NULL),
('2026-01-22T10:50:44.745Z', 'Kaffe', 'Mellanrost Bryggkaffe 500g', 'Remove', 1.00, NULL, NULL, 'SEK', 'Manual', NULL),
('2026-01-23T10:50:44.745Z', 'Knäckebröd', 'Husmans Knäckebröd', 'Remove', 1.00, NULL, NULL, 'SEK', 'Manual', NULL),
('2026-01-23T10:50:44.745Z', 'Gurka', 'Svensk Gurka', 'Remove', 1.00, NULL, NULL, 'SEK', 'Manual', NULL),
('2026-01-23T10:50:44.745Z', 'Morot', 'Morötter i påse 1kg', 'Remove', 1.00, NULL, NULL, 'SEK', 'Manual', NULL),
('2026-01-23T10:50:44.745Z', 'Tomat', 'Kvisttomater', 'Remove', 0.50, NULL, NULL, 'SEK', 'Manual', NULL),
('2026-01-24T10:50:44.745Z', 'Pommes frites', 'Strips 1kg', 'Remove', 1.00, NULL, NULL, 'SEK', 'Manual', NULL),
('2026-01-24T10:50:44.745Z', 'Ärtor', 'Frysta Gröna Ärtor 500g', 'Remove', 1.00, NULL, NULL, 'SEK', 'Manual', NULL),
('2026-01-24T10:50:44.745Z', 'Havregryn', 'Havregryn 750g', 'Remove', 1.00, NULL, NULL, 'SEK', 'Manual', NULL),
('2026-01-24T10:50:44.745Z', 'Tomat', 'Kvisttomater', 'Remove', 0.50, NULL, NULL, 'SEK', 'Manual', NULL),
('2026-01-24T10:50:44.745Z', 'Lök', 'Gullök i nät 1kg', 'Add', 2.00, 14.90, 29.80, 'SEK', 'Receipt', 59),
('2026-01-24T10:50:45.745Z', 'Lök', 'Gullök i nät 1kg', 'Add', 1.00, 14.90, 14.90, 'SEK', 'Receipt', 59),
('2026-01-24T10:50:46.745Z', 'Lax', 'Färsk Laxfilé 4-pack', 'Add', 1.00, 99.00, 99.00, 'SEK', 'Receipt', 59),
('2026-01-24T10:50:47.745Z', 'Gurka', 'Svensk Gurka', 'Add', 2.00, 15.00, 30.00, 'SEK', 'Receipt', 59),
('2026-01-24T10:50:48.745Z', 'Bacon', 'Alspånsrökt Bacon 140g', 'Add', 3.00, 14.90, 44.70, 'SEK', 'Receipt', 59),
('2026-01-25T10:50:44.745Z', 'Smör', 'Svenskt Smör Normalsaltat 500g', 'Remove', 1.00, NULL, NULL, 'SEK', 'Manual', NULL),
('2026-01-26T10:50:44.745Z', 'Smör', 'Svenskt Smör Normalsaltat 500g', 'Remove', 1.00, NULL, NULL, 'SEK', 'Manual', NULL),
('2026-01-26T10:50:44.745Z', 'Korv', 'Falukorv 800g', 'Remove', 1.00, NULL, NULL, 'SEK', 'Manual', NULL),
('2026-01-26T10:50:44.745Z', 'Korv', 'Falukorv 800g', 'Remove', 1.00, NULL, NULL, 'SEK', 'Manual', NULL),
('2026-01-26T10:50:44.745Z', 'Hushållspapper', 'Hushållspapper 4-rullar', 'Remove', 1.00, NULL, NULL, 'SEK', 'Manual', NULL),
('2026-01-27T10:50:44.745Z', 'Toalettpapper', 'Toalettpapper 8-rullar', 'Remove', 1.00, NULL, NULL, 'SEK', 'Manual', NULL),
('2026-01-27T10:50:44.745Z', 'Hushållspapper', 'Hushållspapper 4-rullar', 'Remove', 1.00, NULL, NULL, 'SEK', 'Manual', NULL),
('2026-01-27T10:50:44.745Z', 'Kaffe', 'Mellanrost Bryggkaffe 500g', 'Remove', 1.00, NULL, NULL, 'SEK', 'Manual', NULL),
('2026-01-28T10:50:44.745Z', 'Mjölk', 'Mellanmjölk 1.5% 1L', 'Remove', 1.00, NULL, NULL, 'SEK', 'Manual', NULL),
('2026-01-28T10:50:44.745Z', 'Yoghurt', 'Naturell Yoghurt 3% 1L', 'Remove', 1.00, NULL, NULL, 'SEK', 'Manual', NULL),
('2026-01-29T10:50:44.745Z', 'Olivolja', 'Extra Virgin Olivolja 500ml', 'Remove', 1.00, NULL, NULL, 'SEK', 'Manual', NULL),
('2026-01-29T10:50:44.745Z', 'Ris', 'Jasminris 1kg', 'Remove', 1.00, NULL, NULL, 'SEK', 'Manual', NULL),
('2026-01-27T10:50:44.745Z', 'Lök', 'Gullök i nät 1kg', 'Add', 3.00, 14.90, 44.70, 'SEK', 'Receipt', 60),
('2026-01-27T10:50:45.745Z', 'Formfranska', 'Ljust Rostat Bröd', 'Add', 2.00, 22.90, 45.80, 'SEK', 'Receipt', 60),
('2026-01-27T10:50:46.745Z', 'Mjölk', 'Mellanmjölk 1.5% 1L', 'Add', 3.00, 14.90, 44.70, 'SEK', 'Receipt', 60),
('2026-01-27T10:50:47.745Z', 'Ost', 'Herrgård Herrgårdost 28% 700g', 'Add', 1.00, 89.00, 89.00, 'SEK', 'Receipt', 60),
('2026-01-27T10:50:48.745Z', 'Olivolja', 'Extra Virgin Olivolja 500ml', 'Add', 1.00, 69.90, 69.90, 'SEK', 'Receipt', 60),
('2026-01-27T10:50:49.745Z', 'Rågbröd', 'Mörkt Rågbröd Skivat', 'Add', 3.00, 26.90, 80.70, 'SEK', 'Receipt', 60),
('2026-01-27T10:50:50.745Z', 'Tomat', 'Kvisttomater', 'Add', 0.70, 39.90, 27.93, 'SEK', 'Receipt', 60),
('2026-01-27T10:50:51.745Z', 'Ost', 'Herrgård Herrgårdost 28% 700g', 'Add', 1.00, 89.00, 89.00, 'SEK', 'Receipt', 60),
('2026-01-27T10:50:52.745Z', 'Potatis', 'Fast Potatis 2kg', 'Add', 3.00, 29.90, 89.70, 'SEK', 'Receipt', 60),
('2026-01-27T10:50:53.745Z', 'Mjölk', 'Mellanmjölk 1.5% 1L', 'Add', 2.00, 14.90, 29.80, 'SEK', 'Receipt', 60),
('2026-01-27T10:50:54.745Z', 'Äpple', 'Svenska Äpplen Ingrid Marie', 'Add', 1.10, 29.90, 32.89, 'SEK', 'Receipt', 60),
('2026-01-27T10:50:55.745Z', 'Mjölk', 'Mellanmjölk 1.5% 1L', 'Add', 2.00, 14.90, 29.80, 'SEK', 'Receipt', 60),
('2026-01-28T10:50:44.745Z', 'Potatis', 'Fast Potatis 2kg', 'Remove', 1.00, NULL, NULL, 'SEK', 'Manual', NULL),
('2026-01-29T10:50:44.745Z', 'Morot', 'Morötter i påse 1kg', 'Remove', 1.00, NULL, NULL, 'SEK', 'Manual', NULL),
('2026-01-29T10:50:44.745Z', 'Havregryn', 'Havregryn 750g', 'Remove', 1.00, NULL, NULL, 'SEK', 'Manual', NULL),
('2026-01-29T10:50:44.745Z', 'Gurka', 'Svensk Gurka', 'Remove', 1.00, NULL, NULL, 'SEK', 'Manual', NULL),
('2026-01-30T10:50:44.745Z', 'Köttfärs', 'Nötfärs 12% 500g', 'Remove', 1.00, NULL, NULL, 'SEK', 'Manual', NULL),
('2026-01-30T10:50:44.745Z', 'Ost', 'Herrgård Herrgårdost 28% 700g', 'Remove', 1.00, NULL, NULL, 'SEK', 'Manual', NULL),
('2026-01-30T10:50:44.745Z', 'Banan', 'Ekologiska Bananer', 'Remove', 0.20, NULL, NULL, 'SEK', 'Manual', NULL),
('2026-01-30T10:50:44.745Z', 'Kaffe', 'Mellanrost Bryggkaffe 500g', 'Remove', 1.00, NULL, NULL, 'SEK', 'Manual', NULL),
('2026-01-31T10:50:44.745Z', 'Kaffe', 'Mellanrost Bryggkaffe 500g', 'Add', 1.00, 54.90, 54.90, 'SEK', 'Receipt', 61),
('2026-01-31T10:50:45.745Z', 'Pasta', 'Spaghetti 1kg', 'Add', 3.00, 24.90, 74.70, 'SEK', 'Receipt', 61),
('2026-01-31T10:50:46.745Z', 'Formfranska', 'Ljust Rostat Bröd', 'Add', 1.00, 22.90, 22.90, 'SEK', 'Receipt', 61),
('2026-01-31T10:50:47.745Z', 'Morot', 'Morötter i påse 1kg', 'Add', 1.00, 12.90, 12.90, 'SEK', 'Receipt', 61),
('2026-01-31T10:50:48.745Z', 'Kaffe', 'Mellanrost Bryggkaffe 500g', 'Add', 1.00, 54.90, 54.90, 'SEK', 'Receipt', 61),
('2026-01-31T10:50:49.745Z', 'Tvättmedel', 'Kulörtvättmedel 1kg', 'Add', 1.00, 45.00, 45.00, 'SEK', 'Receipt', 61),
('2026-01-31T10:50:50.745Z', 'Ost', 'Herrgård Herrgårdost 28% 700g', 'Add', 1.00, 89.00, 89.00, 'SEK', 'Receipt', 61),
('2026-01-31T10:50:51.745Z', 'Morot', 'Morötter i påse 1kg', 'Add', 1.00, 12.90, 12.90, 'SEK', 'Receipt', 61),
('2026-01-31T10:50:52.745Z', 'Pommes frites', 'Strips 1kg', 'Add', 3.00, 29.90, 89.70, 'SEK', 'Receipt', 61),
('2026-01-31T10:50:53.745Z', 'Bacon', 'Alspånsrökt Bacon 140g', 'Add', 2.00, 14.90, 29.80, 'SEK', 'Receipt', 61),
('2026-01-31T10:50:54.745Z', 'Bacon', 'Alspånsrökt Bacon 140g', 'Add', 1.00, 14.90, 14.90, 'SEK', 'Receipt', 61),
('2026-02-01T10:50:44.745Z', 'Potatis', 'Fast Potatis 2kg', 'Remove', 1.00, NULL, NULL, 'SEK', 'Manual', NULL),
('2026-02-01T10:50:44.745Z', 'Knäckebröd', 'Husmans Knäckebröd', 'Remove', 1.00, NULL, NULL, 'SEK', 'Manual', NULL),
('2026-02-02T10:50:44.745Z', 'Lax', 'Färsk Laxfilé 4-pack', 'Remove', 1.00, NULL, NULL, 'SEK', 'Manual', NULL),
('2026-02-02T10:50:44.745Z', 'Mjölk', 'Mellanmjölk 1.5% 1L', 'Remove', 1.00, NULL, NULL, 'SEK', 'Manual', NULL),
('2026-02-03T10:50:44.745Z', 'Ärtor', 'Frysta Gröna Ärtor 500g', 'Remove', 1.00, NULL, NULL, 'SEK', 'Manual', NULL),
('2026-02-03T10:50:44.745Z', 'Rågbröd', 'Mörkt Rågbröd Skivat', 'Remove', 1.00, NULL, NULL, 'SEK', 'Manual', NULL),
('2026-02-03T10:50:44.745Z', 'Olivolja', 'Extra Virgin Olivolja 500ml', 'Remove', 1.00, NULL, NULL, 'SEK', 'Manual', NULL),
('2026-02-04T10:50:44.745Z', 'Pommes frites', 'Strips 1kg', 'Remove', 1.00, NULL, NULL, 'SEK', 'Manual', NULL),
('2026-02-04T10:50:44.745Z', 'Potatis', 'Fast Potatis 2kg', 'Remove', 1.00, NULL, NULL, 'SEK', 'Manual', NULL),
('2026-02-06T10:50:44.745Z', 'Fiskpinnar', 'Fiskpinnar 15-pack', 'Add', 1.00, 34.90, 34.90, 'SEK', 'Receipt', 62),
('2026-02-06T10:50:45.745Z', 'Kycklingfilé', 'Färsk Kycklingbröstfilé 1kg', 'Add', 1.00, 119.00, 119.00, 'SEK', 'Receipt', 62),
('2026-02-06T10:50:46.745Z', 'Köttfärs', 'Nötfärs 12% 500g', 'Add', 1.00, 59.90, 59.90, 'SEK', 'Receipt', 62),
('2026-02-06T10:50:47.745Z', 'Formfranska', 'Ljust Rostat Bröd', 'Add', 1.00, 22.90, 22.90, 'SEK', 'Receipt', 62),
('2026-02-06T10:50:48.745Z', 'Gurka', 'Svensk Gurka', 'Add', 2.00, 15.00, 30.00, 'SEK', 'Receipt', 62),
('2026-02-06T10:50:49.745Z', 'Banan', 'Ekologiska Bananer', 'Add', 1.00, 24.90, 24.90, 'SEK', 'Receipt', 62),
('2026-02-06T10:50:50.745Z', 'Formfranska', 'Ljust Rostat Bröd', 'Add', 1.00, 22.90, 22.90, 'SEK', 'Receipt', 62);

INSERT INTO History (Timestamp, ItemName, ExpandedName, Action, Quantity, Price, TotalPrice, Currency, Source, ReceiptId) VALUES
('2026-02-06T10:50:51.745Z', 'Gräddfil', 'Gräddfil 12% 3dl', 'Add', 3.00, 12.50, 37.50, 'SEK', 'Receipt', 62),
('2026-02-06T10:50:52.745Z', 'Mjölk', 'Mellanmjölk 1.5% 1L', 'Add', 2.00, 14.90, 29.80, 'SEK', 'Receipt', 62),
('2026-02-06T10:50:53.745Z', 'Tvättmedel', 'Kulörtvättmedel 1kg', 'Add', 1.00, 45.00, 45.00, 'SEK', 'Receipt', 62),
('2026-02-06T10:50:54.745Z', 'Bacon', 'Alspånsrökt Bacon 140g', 'Add', 3.00, 14.90, 44.70, 'SEK', 'Receipt', 62),
('2026-02-07T10:50:44.745Z', 'Fiskpinnar', 'Fiskpinnar 15-pack', 'Remove', 1.00, NULL, NULL, 'SEK', 'Manual', NULL),
('2026-02-07T10:50:44.745Z', 'Morot', 'Morötter i påse 1kg', 'Remove', 1.00, NULL, NULL, 'SEK', 'Manual', NULL),
('2026-02-07T10:50:44.745Z', 'Pasta', 'Spaghetti 1kg', 'Remove', 1.00, NULL, NULL, 'SEK', 'Manual', NULL),
('2026-02-07T10:50:44.745Z', 'Olivolja', 'Extra Virgin Olivolja 500ml', 'Remove', 1.00, NULL, NULL, 'SEK', 'Manual', NULL),
('2026-02-08T10:50:44.745Z', 'Ärtor', 'Frysta Gröna Ärtor 500g', 'Remove', 1.00, NULL, NULL, 'SEK', 'Manual', NULL),
('2026-02-08T10:50:44.745Z', 'Bacon', 'Alspånsrökt Bacon 140g', 'Remove', 1.00, NULL, NULL, 'SEK', 'Manual', NULL),
('2026-02-09T10:50:44.745Z', 'Köttfärs', 'Nötfärs 12% 500g', 'Remove', 1.00, NULL, NULL, 'SEK', 'Manual', NULL),
('2026-02-09T10:50:44.745Z', 'Fiskpinnar', 'Fiskpinnar 15-pack', 'Remove', 1.00, NULL, NULL, 'SEK', 'Manual', NULL),
('2026-02-10T10:50:44.745Z', 'Potatis', 'Fast Potatis 2kg', 'Remove', 1.00, NULL, NULL, 'SEK', 'Manual', NULL),
('2026-02-11T10:50:44.745Z', 'Lök', 'Gullök i nät 1kg', 'Remove', 1.00, NULL, NULL, 'SEK', 'Manual', NULL),
('2026-02-11T10:50:44.745Z', 'Pasta', 'Spaghetti 1kg', 'Remove', 1.00, NULL, NULL, 'SEK', 'Manual', NULL),
('2026-02-12T10:50:44.745Z', 'Ost', 'Herrgård Herrgårdost 28% 700g', 'Remove', 1.00, NULL, NULL, 'SEK', 'Manual', NULL),
('2026-02-12T10:50:44.745Z', 'Yoghurt', 'Naturell Yoghurt 3% 1L', 'Remove', 1.00, NULL, NULL, 'SEK', 'Manual', NULL),
('2026-02-12T10:50:44.745Z', 'Äpple', 'Svenska Äpplen Ingrid Marie', 'Add', 2.00, 29.90, 59.80, 'SEK', 'Receipt', 63),
('2026-02-12T10:50:45.745Z', 'Krossade tomater', 'Krossade Tomater 400g', 'Add', 2.00, 11.90, 23.80, 'SEK', 'Receipt', 63),
('2026-02-12T10:50:46.745Z', 'Köttfärs', 'Nötfärs 12% 500g', 'Add', 1.00, 59.90, 59.90, 'SEK', 'Receipt', 63),
('2026-02-12T10:50:47.745Z', 'Yoghurt', 'Naturell Yoghurt 3% 1L', 'Add', 1.00, 22.50, 22.50, 'SEK', 'Receipt', 63),
('2026-02-12T10:50:48.745Z', 'Ris', 'Jasminris 1kg', 'Add', 1.00, 32.90, 32.90, 'SEK', 'Receipt', 63),
('2026-02-12T10:50:49.745Z', 'Knäckebröd', 'Husmans Knäckebröd', 'Add', 2.00, 18.90, 37.80, 'SEK', 'Receipt', 63),
('2026-02-12T10:50:50.745Z', 'Äpple', 'Svenska Äpplen Ingrid Marie', 'Add', 1.40, 29.90, 41.86, 'SEK', 'Receipt', 63),
('2026-02-12T10:50:51.745Z', 'Knäckebröd', 'Husmans Knäckebröd', 'Add', 2.00, 18.90, 37.80, 'SEK', 'Receipt', 63),
('2026-02-12T10:50:52.745Z', 'Ärtor', 'Frysta Gröna Ärtor 500g', 'Add', 2.00, 19.90, 39.80, 'SEK', 'Receipt', 63),
('2026-02-12T10:50:53.745Z', 'Ost', 'Herrgård Herrgårdost 28% 700g', 'Add', 1.00, 89.00, 89.00, 'SEK', 'Receipt', 63),
('2026-02-12T10:50:54.745Z', 'Ägg', 'Ägg Frigående 12-pack', 'Add', 1.00, 34.90, 34.90, 'SEK', 'Receipt', 63),
('2026-02-12T10:50:55.745Z', 'Kaffe', 'Mellanrost Bryggkaffe 500g', 'Add', 1.00, 54.90, 54.90, 'SEK', 'Receipt', 63),
('2026-02-13T10:50:44.745Z', 'Knäckebröd', 'Husmans Knäckebröd', 'Remove', 1.00, NULL, NULL, 'SEK', 'Manual', NULL),
('2026-02-14T10:50:44.745Z', 'Gräddfil', 'Gräddfil 12% 3dl', 'Remove', 1.00, NULL, NULL, 'SEK', 'Manual', NULL),
('2026-02-14T10:50:44.745Z', 'Olivolja', 'Extra Virgin Olivolja 500ml', 'Remove', 1.00, NULL, NULL, 'SEK', 'Manual', NULL),
('2026-02-14T10:50:44.745Z', 'Knäckebröd', 'Husmans Knäckebröd', 'Remove', 1.00, NULL, NULL, 'SEK', 'Manual', NULL),
('2026-02-15T10:50:44.745Z', 'Ost', 'Herrgård Herrgårdost 28% 700g', 'Remove', 1.00, NULL, NULL, 'SEK', 'Manual', NULL),
('2026-02-15T10:50:44.745Z', 'Äpple', 'Svenska Äpplen Ingrid Marie', 'Remove', 0.40, NULL, NULL, 'SEK', 'Manual', NULL),
('2026-02-16T10:50:44.745Z', 'Fiskpinnar', 'Fiskpinnar 15-pack', 'Remove', 1.00, NULL, NULL, 'SEK', 'Manual', NULL),
('2026-02-17T10:50:44.745Z', 'Smör', 'Svenskt Smör Normalsaltat 500g', 'Remove', 1.00, NULL, NULL, 'SEK', 'Manual', NULL),
('2026-02-17T10:50:44.745Z', 'Mjölk', 'Mellanmjölk 1.5% 1L', 'Remove', 1.00, NULL, NULL, 'SEK', 'Manual', NULL),
('2026-02-18T10:50:44.745Z', 'Köttfärs', 'Nötfärs 12% 500g', 'Remove', 1.00, NULL, NULL, 'SEK', 'Manual', NULL),
('2026-02-18T10:50:44.745Z', 'Lax', 'Färsk Laxfilé 4-pack', 'Remove', 1.00, NULL, NULL, 'SEK', 'Manual', NULL),
('2026-02-17T10:50:44.745Z', 'Tvättmedel', 'Kulörtvättmedel 1kg', 'Add', 1.00, 45.00, 45.00, 'SEK', 'Receipt', 64),
('2026-02-17T10:50:45.745Z', 'Morot', 'Morötter i påse 1kg', 'Add', 2.00, 12.90, 25.80, 'SEK', 'Receipt', 64),
('2026-02-17T10:50:46.745Z', 'Tomat', 'Kvisttomater', 'Add', 1.70, 39.90, 67.83, 'SEK', 'Receipt', 64),
('2026-02-17T10:50:47.745Z', 'Mjölk', 'Mellanmjölk 1.5% 1L', 'Add', 3.00, 14.90, 44.70, 'SEK', 'Receipt', 64),
('2026-02-17T10:50:48.745Z', 'Hushållspapper', 'Hushållspapper 4-rullar', 'Add', 1.00, 39.90, 39.90, 'SEK', 'Receipt', 64),
('2026-02-17T10:50:49.745Z', 'Fiskpinnar', 'Fiskpinnar 15-pack', 'Add', 1.00, 34.90, 34.90, 'SEK', 'Receipt', 64),
('2026-02-17T10:50:50.745Z', 'Hushållspapper', 'Hushållspapper 4-rullar', 'Add', 1.00, 39.90, 39.90, 'SEK', 'Receipt', 64),
('2026-02-17T10:50:51.745Z', 'Potatis', 'Fast Potatis 2kg', 'Add', 3.00, 29.90, 89.70, 'SEK', 'Receipt', 64),
('2026-02-17T10:50:52.745Z', 'Gräddfil', 'Gräddfil 12% 3dl', 'Add', 3.00, 12.50, 37.50, 'SEK', 'Receipt', 64),
('2026-02-17T10:50:53.745Z', 'Kycklingfilé', 'Färsk Kycklingbröstfilé 1kg', 'Add', 1.00, 119.00, 119.00, 'SEK', 'Receipt', 64),
('2026-02-17T10:50:54.745Z', 'Korv', 'Falukorv 800g', 'Add', 1.00, 44.90, 44.90, 'SEK', 'Receipt', 64),
('2026-02-17T10:50:55.745Z', 'Formfranska', 'Ljust Rostat Bröd', 'Add', 2.00, 22.90, 45.80, 'SEK', 'Receipt', 64),
('2026-02-17T10:50:56.745Z', 'Krossade tomater', 'Krossade Tomater 400g', 'Add', 3.00, 11.90, 35.70, 'SEK', 'Receipt', 64),
('2026-02-17T10:50:57.745Z', 'Rågbröd', 'Mörkt Rågbröd Skivat', 'Add', 2.00, 26.90, 53.80, 'SEK', 'Receipt', 64),
('2026-02-18T10:50:44.745Z', 'Pasta', 'Spaghetti 1kg', 'Remove', 1.00, NULL, NULL, 'SEK', 'Manual', NULL),
('2026-02-18T10:50:44.745Z', 'Gräddfil', 'Gräddfil 12% 3dl', 'Remove', 1.00, NULL, NULL, 'SEK', 'Manual', NULL),
('2026-02-19T10:50:44.745Z', 'Tvättmedel', 'Kulörtvättmedel 1kg', 'Remove', 1.00, NULL, NULL, 'SEK', 'Manual', NULL),
('2026-02-19T10:50:44.745Z', 'Tvättmedel', 'Kulörtvättmedel 1kg', 'Remove', 1.00, NULL, NULL, 'SEK', 'Manual', NULL),
('2026-02-19T10:50:44.745Z', 'Mjölk', 'Mellanmjölk 1.5% 1L', 'Remove', 1.00, NULL, NULL, 'SEK', 'Manual', NULL),
('2026-02-20T10:50:44.745Z', 'Gurka', 'Svensk Gurka', 'Remove', 1.00, NULL, NULL, 'SEK', 'Manual', NULL),
('2026-02-20T10:50:44.745Z', 'Kycklingfilé', 'Färsk Kycklingbröstfilé 1kg', 'Remove', 1.00, NULL, NULL, 'SEK', 'Manual', NULL),
('2026-02-21T10:50:44.745Z', 'Ägg', 'Ägg Frigående 12-pack', 'Remove', 1.00, NULL, NULL, 'SEK', 'Manual', NULL),
('2026-02-22T10:50:44.745Z', 'Bacon', 'Alspånsrökt Bacon 140g', 'Remove', 1.00, NULL, NULL, 'SEK', 'Manual', NULL),
('2026-02-22T10:50:44.745Z', 'Ris', 'Jasminris 1kg', 'Remove', 1.00, NULL, NULL, 'SEK', 'Manual', NULL),
('2026-02-22T10:50:44.745Z', 'Bacon', 'Alspånsrökt Bacon 140g', 'Remove', 1.00, NULL, NULL, 'SEK', 'Manual', NULL),
('2026-02-22T10:50:44.745Z', 'Äpple', 'Svenska Äpplen Ingrid Marie', 'Remove', 0.30, NULL, NULL, 'SEK', 'Manual', NULL),
('2026-02-24T10:50:44.745Z', 'Ärtor', 'Frysta Gröna Ärtor 500g', 'Add', 1.00, 19.90, 19.90, 'SEK', 'Receipt', 65),
('2026-02-24T10:50:45.745Z', 'Korv', 'Falukorv 800g', 'Add', 1.00, 44.90, 44.90, 'SEK', 'Receipt', 65),
('2026-02-24T10:50:46.745Z', 'Kycklingfilé', 'Färsk Kycklingbröstfilé 1kg', 'Add', 1.00, 119.00, 119.00, 'SEK', 'Receipt', 65),
('2026-02-24T10:50:47.745Z', 'Kycklingfilé', 'Färsk Kycklingbröstfilé 1kg', 'Add', 1.00, 119.00, 119.00, 'SEK', 'Receipt', 65),
('2026-02-24T10:50:48.745Z', 'Tomat', 'Kvisttomater', 'Add', 1.50, 39.90, 59.85, 'SEK', 'Receipt', 65),
('2026-02-24T10:50:49.745Z', 'Pommes frites', 'Strips 1kg', 'Add', 2.00, 29.90, 59.80, 'SEK', 'Receipt', 65),
('2026-02-24T10:50:50.745Z', 'Mjölk', 'Mellanmjölk 1.5% 1L', 'Add', 1.00, 14.90, 14.90, 'SEK', 'Receipt', 65),
('2026-02-24T10:50:51.745Z', 'Lax', 'Färsk Laxfilé 4-pack', 'Add', 1.00, 99.00, 99.00, 'SEK', 'Receipt', 65),
('2026-02-24T10:50:52.745Z', 'Pasta', 'Spaghetti 1kg', 'Add', 2.00, 24.90, 49.80, 'SEK', 'Receipt', 65),
('2026-02-24T10:50:53.745Z', 'Rågbröd', 'Mörkt Rågbröd Skivat', 'Add', 2.00, 26.90, 53.80, 'SEK', 'Receipt', 65),
('2026-02-24T10:50:54.745Z', 'Mjölk', 'Mellanmjölk 1.5% 1L', 'Add', 2.00, 14.90, 29.80, 'SEK', 'Receipt', 65),
('2026-02-25T10:50:44.745Z', 'Kaffe', 'Mellanrost Bryggkaffe 500g', 'Remove', 1.00, NULL, NULL, 'SEK', 'Manual', NULL),
('2026-02-25T10:50:44.745Z', 'Havregryn', 'Havregryn 750g', 'Remove', 1.00, NULL, NULL, 'SEK', 'Manual', NULL),
('2026-02-25T10:50:44.745Z', 'Morot', 'Morötter i påse 1kg', 'Remove', 1.00, NULL, NULL, 'SEK', 'Manual', NULL),
('2026-02-26T10:50:44.745Z', 'Fiskpinnar', 'Fiskpinnar 15-pack', 'Remove', 1.00, NULL, NULL, 'SEK', 'Manual', NULL),
('2026-02-26T10:50:44.745Z', 'Bacon', 'Alspånsrökt Bacon 140g', 'Remove', 1.00, NULL, NULL, 'SEK', 'Manual', NULL),
('2026-02-26T10:50:44.745Z', 'Potatis', 'Fast Potatis 2kg', 'Remove', 1.00, NULL, NULL, 'SEK', 'Manual', NULL),
('2026-02-27T10:50:44.745Z', 'Krossade tomater', 'Krossade Tomater 400g', 'Remove', 1.00, NULL, NULL, 'SEK', 'Manual', NULL),
('2026-02-28T10:50:44.745Z', 'Lök', 'Gullök i nät 1kg', 'Remove', 1.00, NULL, NULL, 'SEK', 'Manual', NULL),
('2026-02-28T10:50:44.745Z', 'Banan', 'Ekologiska Bananer', 'Remove', 0.20, NULL, NULL, 'SEK', 'Manual', NULL),
('2026-02-28T10:50:44.745Z', 'Mjölk', 'Mellanmjölk 1.5% 1L', 'Remove', 1.00, NULL, NULL, 'SEK', 'Manual', NULL),
('2026-03-01T10:50:44.745Z', 'Hushållspapper', 'Hushållspapper 4-rullar', 'Remove', 1.00, NULL, NULL, 'SEK', 'Manual', NULL),
('2026-03-01T10:50:44.745Z', 'Morot', 'Morötter i påse 1kg', 'Remove', 1.00, NULL, NULL, 'SEK', 'Manual', NULL),
('2026-03-01T10:50:44.745Z', 'Ost', 'Herrgård Herrgårdost 28% 700g', 'Remove', 1.00, NULL, NULL, 'SEK', 'Manual', NULL),
('2026-03-01T10:50:44.745Z', 'Smör', 'Svenskt Smör Normalsaltat 500g', 'Remove', 1.00, NULL, NULL, 'SEK', 'Manual', NULL),
('2026-03-02T10:50:44.745Z', 'Hushållspapper', 'Hushållspapper 4-rullar', 'Remove', 1.00, NULL, NULL, 'SEK', 'Manual', NULL),
('2026-03-02T10:50:44.745Z', 'Rågbröd', 'Mörkt Rågbröd Skivat', 'Remove', 1.00, NULL, NULL, 'SEK', 'Manual', NULL),
('2026-03-03T10:50:44.745Z', 'Yoghurt', 'Naturell Yoghurt 3% 1L', 'Remove', 1.00, NULL, NULL, 'SEK', 'Manual', NULL),
('2026-03-03T10:50:44.745Z', 'Tvättmedel', 'Kulörtvättmedel 1kg', 'Remove', 1.00, NULL, NULL, 'SEK', 'Manual', NULL),
('2026-03-03T10:50:44.745Z', 'Olivolja', 'Extra Virgin Olivolja 500ml', 'Remove', 1.00, NULL, NULL, 'SEK', 'Manual', NULL),
('2026-03-03T10:50:44.745Z', 'Yoghurt', 'Naturell Yoghurt 3% 1L', 'Remove', 1.00, NULL, NULL, 'SEK', 'Manual', NULL),
('2026-03-02T10:50:44.745Z', 'Knäckebröd', 'Husmans Knäckebröd', 'Add', 3.00, 18.90, 56.70, 'SEK', 'Receipt', 66),
('2026-03-02T10:50:45.745Z', 'Pasta', 'Spaghetti 1kg', 'Add', 2.00, 24.90, 49.80, 'SEK', 'Receipt', 66),
('2026-03-02T10:50:46.745Z', 'Yoghurt', 'Naturell Yoghurt 3% 1L', 'Add', 3.00, 22.50, 67.50, 'SEK', 'Receipt', 66);

INSERT INTO History (Timestamp, ItemName, ExpandedName, Action, Quantity, Price, TotalPrice, Currency, Source, ReceiptId) VALUES
('2026-03-02T10:50:47.745Z', 'Ägg', 'Ägg Frigående 12-pack', 'Add', 1.00, 34.90, 34.90, 'SEK', 'Receipt', 66),
('2026-03-02T10:50:48.745Z', 'Hushållspapper', 'Hushållspapper 4-rullar', 'Add', 1.00, 39.90, 39.90, 'SEK', 'Receipt', 66),
('2026-03-02T10:50:49.745Z', 'Ost', 'Herrgård Herrgårdost 28% 700g', 'Add', 1.00, 89.00, 89.00, 'SEK', 'Receipt', 66),
('2026-03-02T10:50:50.745Z', 'Olivolja', 'Extra Virgin Olivolja 500ml', 'Add', 1.00, 69.90, 69.90, 'SEK', 'Receipt', 66),
('2026-03-02T10:50:51.745Z', 'Tomat', 'Kvisttomater', 'Add', 1.20, 39.90, 47.88, 'SEK', 'Receipt', 66),
('2026-03-02T10:50:52.745Z', 'Yoghurt', 'Naturell Yoghurt 3% 1L', 'Add', 1.00, 22.50, 22.50, 'SEK', 'Receipt', 66),
('2026-03-02T10:50:53.745Z', 'Havregryn', 'Havregryn 750g', 'Add', 2.00, 16.90, 33.80, 'SEK', 'Receipt', 66),
('2026-03-02T10:50:54.745Z', 'Kaffe', 'Mellanrost Bryggkaffe 500g', 'Add', 1.00, 54.90, 54.90, 'SEK', 'Receipt', 66),
('2026-03-02T10:50:55.745Z', 'Yoghurt', 'Naturell Yoghurt 3% 1L', 'Add', 3.00, 22.50, 67.50, 'SEK', 'Receipt', 66),
('2026-03-02T10:50:56.745Z', 'Gurka', 'Svensk Gurka', 'Add', 2.00, 15.00, 30.00, 'SEK', 'Receipt', 66),
('2026-03-02T10:50:57.745Z', 'Hushållspapper', 'Hushållspapper 4-rullar', 'Add', 1.00, 39.90, 39.90, 'SEK', 'Receipt', 66),
('2026-03-03T10:50:44.745Z', 'Äpple', 'Svenska Äpplen Ingrid Marie', 'Remove', 0.50, NULL, NULL, 'SEK', 'Manual', NULL),
('2026-03-04T10:50:44.745Z', 'Rågbröd', 'Mörkt Rågbröd Skivat', 'Remove', 1.00, NULL, NULL, 'SEK', 'Manual', NULL),
('2026-03-04T10:50:44.745Z', 'Krossade tomater', 'Krossade Tomater 400g', 'Remove', 1.00, NULL, NULL, 'SEK', 'Manual', NULL),
('2026-03-04T10:50:44.745Z', 'Morot', 'Morötter i påse 1kg', 'Remove', 1.00, NULL, NULL, 'SEK', 'Manual', NULL),
('2026-03-04T10:50:44.745Z', 'Ärtor', 'Frysta Gröna Ärtor 500g', 'Remove', 1.00, NULL, NULL, 'SEK', 'Manual', NULL),
('2026-03-05T10:50:44.745Z', 'Kycklingfilé', 'Färsk Kycklingbröstfilé 1kg', 'Remove', 1.00, NULL, NULL, 'SEK', 'Manual', NULL),
('2026-03-05T10:50:44.745Z', 'Potatis', 'Fast Potatis 2kg', 'Remove', 1.00, NULL, NULL, 'SEK', 'Manual', NULL),
('2026-03-05T10:50:44.745Z', 'Havregryn', 'Havregryn 750g', 'Remove', 1.00, NULL, NULL, 'SEK', 'Manual', NULL),
('2026-03-05T10:50:44.745Z', 'Rågbröd', 'Mörkt Rågbröd Skivat', 'Remove', 1.00, NULL, NULL, 'SEK', 'Manual', NULL),
('2026-03-06T10:50:44.745Z', 'Lax', 'Färsk Laxfilé 4-pack', 'Remove', 1.00, NULL, NULL, 'SEK', 'Manual', NULL),
('2026-03-06T10:50:44.745Z', 'Gräddfil', 'Gräddfil 12% 3dl', 'Remove', 1.00, NULL, NULL, 'SEK', 'Manual', NULL),
('2026-03-07T10:50:44.745Z', 'Äpple', 'Svenska Äpplen Ingrid Marie', 'Remove', 0.30, NULL, NULL, 'SEK', 'Manual', NULL),
('2026-03-07T10:50:44.745Z', 'Ägg', 'Ägg Frigående 12-pack', 'Remove', 1.00, NULL, NULL, 'SEK', 'Manual', NULL),
('2026-03-07T10:50:44.745Z', 'Knäckebröd', 'Husmans Knäckebröd', 'Remove', 1.00, NULL, NULL, 'SEK', 'Manual', NULL),
('2026-03-07T10:50:44.745Z', 'Morot', 'Morötter i påse 1kg', 'Remove', 1.00, NULL, NULL, 'SEK', 'Manual', NULL),
('2026-03-08T10:50:44.745Z', 'Äpple', 'Svenska Äpplen Ingrid Marie', 'Remove', 0.40, NULL, NULL, 'SEK', 'Manual', NULL),
('2026-03-08T10:50:44.745Z', 'Mjölk', 'Mellanmjölk 1.5% 1L', 'Remove', 1.00, NULL, NULL, 'SEK', 'Manual', NULL),
('2026-03-08T10:50:44.745Z', 'Kycklingfilé', 'Färsk Kycklingbröstfilé 1kg', 'Remove', 1.00, NULL, NULL, 'SEK', 'Manual', NULL),
('2026-03-08T10:50:44.745Z', 'Potatis', 'Fast Potatis 2kg', 'Remove', 1.00, NULL, NULL, 'SEK', 'Manual', NULL),
('2026-03-08T10:50:44.745Z', 'Lax', 'Färsk Laxfilé 4-pack', 'Add', 1.00, 99.00, 99.00, 'SEK', 'Receipt', 67),
('2026-03-08T10:50:45.745Z', 'Rågbröd', 'Mörkt Rågbröd Skivat', 'Add', 1.00, 26.90, 26.90, 'SEK', 'Receipt', 67),
('2026-03-08T10:50:46.745Z', 'Banan', 'Ekologiska Bananer', 'Add', 0.80, 24.90, 19.92, 'SEK', 'Receipt', 67),
('2026-03-08T10:50:47.745Z', 'Krossade tomater', 'Krossade Tomater 400g', 'Add', 1.00, 11.90, 11.90, 'SEK', 'Receipt', 67),
('2026-03-08T10:50:48.745Z', 'Kaffe', 'Mellanrost Bryggkaffe 500g', 'Add', 1.00, 54.90, 54.90, 'SEK', 'Receipt', 67),
('2026-03-08T10:50:49.745Z', 'Potatis', 'Fast Potatis 2kg', 'Add', 1.00, 29.90, 29.90, 'SEK', 'Receipt', 67),
('2026-03-08T10:50:50.745Z', 'Pasta', 'Spaghetti 1kg', 'Add', 2.00, 24.90, 49.80, 'SEK', 'Receipt', 67),
('2026-03-08T10:50:51.745Z', 'Mjölk', 'Mellanmjölk 1.5% 1L', 'Add', 3.00, 14.90, 44.70, 'SEK', 'Receipt', 67),
('2026-03-08T10:50:52.745Z', 'Kaffe', 'Mellanrost Bryggkaffe 500g', 'Add', 1.00, 54.90, 54.90, 'SEK', 'Receipt', 67),
('2026-03-08T10:50:53.745Z', 'Knäckebröd', 'Husmans Knäckebröd', 'Add', 3.00, 18.90, 56.70, 'SEK', 'Receipt', 67),
('2026-03-08T10:50:54.745Z', 'Lök', 'Gullök i nät 1kg', 'Add', 1.00, 14.90, 14.90, 'SEK', 'Receipt', 67),
('2026-03-08T10:50:55.745Z', 'Tvättmedel', 'Kulörtvättmedel 1kg', 'Add', 1.00, 45.00, 45.00, 'SEK', 'Receipt', 67),
('2026-03-08T10:50:56.745Z', 'Kycklingfilé', 'Färsk Kycklingbröstfilé 1kg', 'Add', 1.00, 119.00, 119.00, 'SEK', 'Receipt', 67),
('2026-03-09T10:50:44.745Z', 'Gurka', 'Svensk Gurka', 'Remove', 1.00, NULL, NULL, 'SEK', 'Manual', NULL),
('2026-03-09T10:50:44.745Z', 'Havregryn', 'Havregryn 750g', 'Remove', 1.00, NULL, NULL, 'SEK', 'Manual', NULL),
('2026-03-10T10:50:44.745Z', 'Ärtor', 'Frysta Gröna Ärtor 500g', 'Remove', 1.00, NULL, NULL, 'SEK', 'Manual', NULL),
('2026-03-10T10:50:44.745Z', 'Krossade tomater', 'Krossade Tomater 400g', 'Remove', 1.00, NULL, NULL, 'SEK', 'Manual', NULL),
('2026-03-11T10:50:44.745Z', 'Pasta', 'Spaghetti 1kg', 'Remove', 1.00, NULL, NULL, 'SEK', 'Manual', NULL),
('2026-03-11T10:50:44.745Z', 'Gräddfil', 'Gräddfil 12% 3dl', 'Remove', 1.00, NULL, NULL, 'SEK', 'Manual', NULL),
('2026-03-12T10:50:44.745Z', 'Olivolja', 'Extra Virgin Olivolja 500ml', 'Remove', 1.00, NULL, NULL, 'SEK', 'Manual', NULL),
('2026-03-12T10:50:44.745Z', 'Hushållspapper', 'Hushållspapper 4-rullar', 'Remove', 1.00, NULL, NULL, 'SEK', 'Manual', NULL),
('2026-03-13T10:50:44.745Z', 'Ärtor', 'Frysta Gröna Ärtor 500g', 'Remove', 1.00, NULL, NULL, 'SEK', 'Manual', NULL),
('2026-03-13T10:50:44.745Z', 'Äpple', 'Svenska Äpplen Ingrid Marie', 'Remove', 0.50, NULL, NULL, 'SEK', 'Manual', NULL),
('2026-03-14T10:50:44.745Z', 'Lök', 'Gullök i nät 1kg', 'Remove', 1.00, NULL, NULL, 'SEK', 'Manual', NULL),
('2026-03-14T10:50:44.745Z', 'Formfranska', 'Ljust Rostat Bröd', 'Remove', 1.00, NULL, NULL, 'SEK', 'Manual', NULL),
('2026-03-11T10:50:44.745Z', 'Rågbröd', 'Mörkt Rågbröd Skivat', 'Add', 3.00, 26.90, 80.70, 'SEK', 'Receipt', 68),
('2026-03-11T10:50:45.745Z', 'Banan', 'Ekologiska Bananer', 'Add', 0.50, 24.90, 12.45, 'SEK', 'Receipt', 68),
('2026-03-11T10:50:46.745Z', 'Bacon', 'Alspånsrökt Bacon 140g', 'Add', 2.00, 14.90, 29.80, 'SEK', 'Receipt', 68),
('2026-03-11T10:50:47.745Z', 'Lax', 'Färsk Laxfilé 4-pack', 'Add', 1.00, 99.00, 99.00, 'SEK', 'Receipt', 68),
('2026-03-11T10:50:48.745Z', 'Rågbröd', 'Mörkt Rågbröd Skivat', 'Add', 3.00, 26.90, 80.70, 'SEK', 'Receipt', 68),
('2026-03-11T10:50:49.745Z', 'Potatis', 'Fast Potatis 2kg', 'Add', 3.00, 29.90, 89.70, 'SEK', 'Receipt', 68),
('2026-03-12T10:50:44.745Z', 'Hushållspapper', 'Hushållspapper 4-rullar', 'Remove', 1.00, NULL, NULL, 'SEK', 'Manual', NULL),
('2026-03-12T10:50:44.745Z', 'Mjölk', 'Mellanmjölk 1.5% 1L', 'Remove', 1.00, NULL, NULL, 'SEK', 'Manual', NULL),
('2026-03-13T10:50:44.745Z', 'Pommes frites', 'Strips 1kg', 'Remove', 1.00, NULL, NULL, 'SEK', 'Manual', NULL),
('2026-03-13T10:50:44.745Z', 'Gräddfil', 'Gräddfil 12% 3dl', 'Remove', 1.00, NULL, NULL, 'SEK', 'Manual', NULL),
('2026-03-13T10:50:44.745Z', 'Lök', 'Gullök i nät 1kg', 'Remove', 1.00, NULL, NULL, 'SEK', 'Manual', NULL),
('2026-03-14T10:50:44.745Z', 'Knäckebröd', 'Husmans Knäckebröd', 'Remove', 1.00, NULL, NULL, 'SEK', 'Manual', NULL),
('2026-03-14T10:50:44.745Z', 'Knäckebröd', 'Husmans Knäckebröd', 'Remove', 1.00, NULL, NULL, 'SEK', 'Manual', NULL),
('2026-03-14T10:50:44.745Z', 'Ost', 'Herrgård Herrgårdost 28% 700g', 'Remove', 1.00, NULL, NULL, 'SEK', 'Manual', NULL),
('2026-03-14T10:50:44.745Z', 'Krossade tomater', 'Krossade Tomater 400g', 'Remove', 1.00, NULL, NULL, 'SEK', 'Manual', NULL),
('2026-03-16T10:50:44.745Z', 'Toalettpapper', 'Toalettpapper 8-rullar', 'Add', 1.00, 49.90, 49.90, 'SEK', 'Receipt', 69),
('2026-03-16T10:50:45.745Z', 'Smör', 'Svenskt Smör Normalsaltat 500g', 'Add', 1.00, 62.90, 62.90, 'SEK', 'Receipt', 69),
('2026-03-16T10:50:46.745Z', 'Banan', 'Ekologiska Bananer', 'Add', 1.00, 24.90, 24.90, 'SEK', 'Receipt', 69),
('2026-03-16T10:50:47.745Z', 'Hushållspapper', 'Hushållspapper 4-rullar', 'Add', 1.00, 39.90, 39.90, 'SEK', 'Receipt', 69),
('2026-03-16T10:50:48.745Z', 'Morot', 'Morötter i påse 1kg', 'Add', 2.00, 12.90, 25.80, 'SEK', 'Receipt', 69),
('2026-03-16T10:50:49.745Z', 'Ärtor', 'Frysta Gröna Ärtor 500g', 'Add', 1.00, 19.90, 19.90, 'SEK', 'Receipt', 69),
('2026-03-16T10:50:50.745Z', 'Smör', 'Svenskt Smör Normalsaltat 500g', 'Add', 1.00, 62.90, 62.90, 'SEK', 'Receipt', 69),
('2026-03-16T10:50:51.745Z', 'Rågbröd', 'Mörkt Rågbröd Skivat', 'Add', 3.00, 26.90, 80.70, 'SEK', 'Receipt', 69),
('2026-03-16T10:50:52.745Z', 'Ost', 'Herrgård Herrgårdost 28% 700g', 'Add', 1.00, 89.00, 89.00, 'SEK', 'Receipt', 69),
('2026-03-16T10:50:53.745Z', 'Smör', 'Svenskt Smör Normalsaltat 500g', 'Add', 1.00, 62.90, 62.90, 'SEK', 'Receipt', 69),
('2026-03-16T10:50:54.745Z', 'Gurka', 'Svensk Gurka', 'Add', 1.00, 15.00, 15.00, 'SEK', 'Receipt', 69),
('2026-03-16T10:50:55.745Z', 'Smör', 'Svenskt Smör Normalsaltat 500g', 'Add', 1.00, 62.90, 62.90, 'SEK', 'Receipt', 69),
('2026-03-16T10:50:56.745Z', 'Havregryn', 'Havregryn 750g', 'Add', 3.00, 16.90, 50.70, 'SEK', 'Receipt', 69),
('2026-03-16T10:50:57.745Z', 'Ost', 'Herrgård Herrgårdost 28% 700g', 'Add', 1.00, 89.00, 89.00, 'SEK', 'Receipt', 69),
('2026-03-17T10:50:44.745Z', 'Lök', 'Gullök i nät 1kg', 'Remove', 1.00, NULL, NULL, 'SEK', 'Manual', NULL),
('2026-03-18T10:50:44.745Z', 'Banan', 'Ekologiska Bananer', 'Remove', 0.50, NULL, NULL, 'SEK', 'Manual', NULL),
('2026-03-18T10:50:44.745Z', 'Äpple', 'Svenska Äpplen Ingrid Marie', 'Remove', 0.20, NULL, NULL, 'SEK', 'Manual', NULL),
('2026-03-18T10:50:44.745Z', 'Kycklingfilé', 'Färsk Kycklingbröstfilé 1kg', 'Remove', 1.00, NULL, NULL, 'SEK', 'Manual', NULL),
('2026-03-18T10:50:44.745Z', 'Potatis', 'Fast Potatis 2kg', 'Remove', 1.00, NULL, NULL, 'SEK', 'Manual', NULL),
('2026-03-19T10:50:44.745Z', 'Kaffe', 'Mellanrost Bryggkaffe 500g', 'Remove', 1.00, NULL, NULL, 'SEK', 'Manual', NULL),
('2026-03-20T10:50:44.745Z', 'Potatis', 'Fast Potatis 2kg', 'Remove', 1.00, NULL, NULL, 'SEK', 'Manual', NULL),
('2026-03-20T10:50:44.745Z', 'Pommes frites', 'Strips 1kg', 'Remove', 1.00, NULL, NULL, 'SEK', 'Manual', NULL),
('2026-03-20T10:50:44.745Z', 'Yoghurt', 'Naturell Yoghurt 3% 1L', 'Remove', 1.00, NULL, NULL, 'SEK', 'Manual', NULL),
('2026-03-21T10:50:44.745Z', 'Smör', 'Svenskt Smör Normalsaltat 500g', 'Remove', 1.00, NULL, NULL, 'SEK', 'Manual', NULL),
('2026-03-21T10:50:44.745Z', 'Rågbröd', 'Mörkt Rågbröd Skivat', 'Remove', 1.00, NULL, NULL, 'SEK', 'Manual', NULL),
('2026-03-21T10:50:44.745Z', 'Mjölk', 'Mellanmjölk 1.5% 1L', 'Remove', 1.00, NULL, NULL, 'SEK', 'Manual', NULL),
('2026-03-19T10:50:44.745Z', 'Formfranska', 'Ljust Rostat Bröd', 'Add', 3.00, 22.90, 68.70, 'SEK', 'Receipt', 70),
('2026-03-19T10:50:45.745Z', 'Ris', 'Jasminris 1kg', 'Add', 1.00, 32.90, 32.90, 'SEK', 'Receipt', 70),
('2026-03-19T10:50:46.745Z', 'Krossade tomater', 'Krossade Tomater 400g', 'Add', 2.00, 11.90, 23.80, 'SEK', 'Receipt', 70),
('2026-03-19T10:50:47.745Z', 'Fiskpinnar', 'Fiskpinnar 15-pack', 'Add', 1.00, 34.90, 34.90, 'SEK', 'Receipt', 70);

INSERT INTO History (Timestamp, ItemName, ExpandedName, Action, Quantity, Price, TotalPrice, Currency, Source, ReceiptId) VALUES
('2026-03-19T10:50:48.745Z', 'Kycklingfilé', 'Färsk Kycklingbröstfilé 1kg', 'Add', 1.00, 119.00, 119.00, 'SEK', 'Receipt', 70),
('2026-03-19T10:50:49.745Z', 'Köttfärs', 'Nötfärs 12% 500g', 'Add', 1.00, 59.90, 59.90, 'SEK', 'Receipt', 70),
('2026-03-19T10:50:50.745Z', 'Formfranska', 'Ljust Rostat Bröd', 'Add', 3.00, 22.90, 68.70, 'SEK', 'Receipt', 70),
('2026-03-19T10:50:51.745Z', 'Fiskpinnar', 'Fiskpinnar 15-pack', 'Add', 1.00, 34.90, 34.90, 'SEK', 'Receipt', 70),
('2026-03-19T10:50:52.745Z', 'Gurka', 'Svensk Gurka', 'Add', 2.00, 15.00, 30.00, 'SEK', 'Receipt', 70),
('2026-03-20T10:50:44.745Z', 'Korv', 'Falukorv 800g', 'Remove', 1.00, NULL, NULL, 'SEK', 'Manual', NULL),
('2026-03-20T10:50:44.745Z', 'Fiskpinnar', 'Fiskpinnar 15-pack', 'Remove', 1.00, NULL, NULL, 'SEK', 'Manual', NULL),
('2026-03-20T10:50:44.745Z', 'Lök', 'Gullök i nät 1kg', 'Remove', 1.00, NULL, NULL, 'SEK', 'Manual', NULL),
('2026-03-20T10:50:44.745Z', 'Rågbröd', 'Mörkt Rågbröd Skivat', 'Remove', 1.00, NULL, NULL, 'SEK', 'Manual', NULL),
('2026-03-21T10:50:44.745Z', 'Ärtor', 'Frysta Gröna Ärtor 500g', 'Remove', 1.00, NULL, NULL, 'SEK', 'Manual', NULL),
('2026-03-22T10:50:44.745Z', 'Bacon', 'Alspånsrökt Bacon 140g', 'Remove', 1.00, NULL, NULL, 'SEK', 'Manual', NULL),
('2026-03-22T10:50:44.745Z', 'Lök', 'Gullök i nät 1kg', 'Remove', 1.00, NULL, NULL, 'SEK', 'Manual', NULL),
('2026-03-22T10:50:44.745Z', 'Gurka', 'Svensk Gurka', 'Remove', 1.00, NULL, NULL, 'SEK', 'Manual', NULL),
('2026-03-24T10:50:44.745Z', 'Havregryn', 'Havregryn 750g', 'Add', 2.00, 16.90, 33.80, 'SEK', 'Receipt', 71),
('2026-03-24T10:50:45.745Z', 'Pommes frites', 'Strips 1kg', 'Add', 1.00, 29.90, 29.90, 'SEK', 'Receipt', 71),
('2026-03-24T10:50:46.745Z', 'Olivolja', 'Extra Virgin Olivolja 500ml', 'Add', 1.00, 69.90, 69.90, 'SEK', 'Receipt', 71),
('2026-03-24T10:50:47.745Z', 'Smör', 'Svenskt Smör Normalsaltat 500g', 'Add', 1.00, 62.90, 62.90, 'SEK', 'Receipt', 71),
('2026-03-24T10:50:48.745Z', 'Ris', 'Jasminris 1kg', 'Add', 1.00, 32.90, 32.90, 'SEK', 'Receipt', 71),
('2026-03-24T10:50:49.745Z', 'Banan', 'Ekologiska Bananer', 'Add', 1.50, 24.90, 37.35, 'SEK', 'Receipt', 71),
('2026-03-24T10:50:50.745Z', 'Smör', 'Svenskt Smör Normalsaltat 500g', 'Add', 1.00, 62.90, 62.90, 'SEK', 'Receipt', 71),
('2026-03-24T10:50:51.745Z', 'Pommes frites', 'Strips 1kg', 'Add', 1.00, 29.90, 29.90, 'SEK', 'Receipt', 71),
('2026-03-24T10:50:52.745Z', 'Pasta', 'Spaghetti 1kg', 'Add', 3.00, 24.90, 74.70, 'SEK', 'Receipt', 71),
('2026-03-24T10:50:53.745Z', 'Potatis', 'Fast Potatis 2kg', 'Add', 3.00, 29.90, 89.70, 'SEK', 'Receipt', 71),
('2026-03-24T10:50:54.745Z', 'Potatis', 'Fast Potatis 2kg', 'Add', 2.00, 29.90, 59.80, 'SEK', 'Receipt', 71),
('2026-03-24T10:50:55.745Z', 'Kaffe', 'Mellanrost Bryggkaffe 500g', 'Add', 1.00, 54.90, 54.90, 'SEK', 'Receipt', 71),
('2026-03-24T10:50:56.745Z', 'Knäckebröd', 'Husmans Knäckebröd', 'Add', 1.00, 18.90, 18.90, 'SEK', 'Receipt', 71),
('2026-03-25T10:50:44.745Z', 'Pommes frites', 'Strips 1kg', 'Remove', 1.00, NULL, NULL, 'SEK', 'Manual', NULL),
('2026-03-25T10:50:44.745Z', 'Ost', 'Herrgård Herrgårdost 28% 700g', 'Remove', 1.00, NULL, NULL, 'SEK', 'Manual', NULL),
('2026-03-25T10:50:44.745Z', 'Fiskpinnar', 'Fiskpinnar 15-pack', 'Remove', 1.00, NULL, NULL, 'SEK', 'Manual', NULL),
('2026-03-26T10:50:44.745Z', 'Köttfärs', 'Nötfärs 12% 500g', 'Remove', 1.00, NULL, NULL, 'SEK', 'Manual', NULL),
('2026-03-27T10:50:44.745Z', 'Lax', 'Färsk Laxfilé 4-pack', 'Remove', 1.00, NULL, NULL, 'SEK', 'Manual', NULL),
('2026-03-27T10:50:44.745Z', 'Tvättmedel', 'Kulörtvättmedel 1kg', 'Remove', 1.00, NULL, NULL, 'SEK', 'Manual', NULL),
('2026-03-27T10:50:44.745Z', 'Ägg', 'Ägg Frigående 12-pack', 'Remove', 1.00, NULL, NULL, 'SEK', 'Manual', NULL),
('2026-03-28T10:50:44.745Z', 'Kaffe', 'Mellanrost Bryggkaffe 500g', 'Remove', 1.00, NULL, NULL, 'SEK', 'Manual', NULL),
('2026-03-28T10:50:44.745Z', 'Banan', 'Ekologiska Bananer', 'Remove', 0.50, NULL, NULL, 'SEK', 'Manual', NULL),
('2026-03-28T10:50:44.745Z', 'Ägg', 'Ägg Frigående 12-pack', 'Remove', 1.00, NULL, NULL, 'SEK', 'Manual', NULL),
('2026-03-28T10:50:44.745Z', 'Ris', 'Jasminris 1kg', 'Remove', 1.00, NULL, NULL, 'SEK', 'Manual', NULL),
('2026-03-29T09:50:44.745Z', 'Ost', 'Herrgård Herrgårdost 28% 700g', 'Remove', 1.00, NULL, NULL, 'SEK', 'Manual', NULL),
('2026-03-28T10:50:44.745Z', 'Morot', 'Morötter i påse 1kg', 'Add', 2.00, 12.90, 25.80, 'SEK', 'Receipt', 72),
('2026-03-28T10:50:45.745Z', 'Fiskpinnar', 'Fiskpinnar 15-pack', 'Add', 1.00, 34.90, 34.90, 'SEK', 'Receipt', 72),
('2026-03-28T10:50:46.745Z', 'Yoghurt', 'Naturell Yoghurt 3% 1L', 'Add', 2.00, 22.50, 45.00, 'SEK', 'Receipt', 72),
('2026-03-28T10:50:47.745Z', 'Smör', 'Svenskt Smör Normalsaltat 500g', 'Add', 1.00, 62.90, 62.90, 'SEK', 'Receipt', 72),
('2026-03-28T10:50:48.745Z', 'Gräddfil', 'Gräddfil 12% 3dl', 'Add', 1.00, 12.50, 12.50, 'SEK', 'Receipt', 72),
('2026-03-28T10:50:49.745Z', 'Rågbröd', 'Mörkt Rågbröd Skivat', 'Add', 1.00, 26.90, 26.90, 'SEK', 'Receipt', 72),
('2026-03-28T10:50:50.745Z', 'Ris', 'Jasminris 1kg', 'Add', 1.00, 32.90, 32.90, 'SEK', 'Receipt', 72),
('2026-03-28T10:50:51.745Z', 'Havregryn', 'Havregryn 750g', 'Add', 2.00, 16.90, 33.80, 'SEK', 'Receipt', 72),
('2026-03-28T10:50:52.745Z', 'Ägg', 'Ägg Frigående 12-pack', 'Add', 1.00, 34.90, 34.90, 'SEK', 'Receipt', 72),
('2026-03-28T10:50:53.745Z', 'Olivolja', 'Extra Virgin Olivolja 500ml', 'Add', 1.00, 69.90, 69.90, 'SEK', 'Receipt', 72),
('2026-03-28T10:50:54.745Z', 'Formfranska', 'Ljust Rostat Bröd', 'Add', 1.00, 22.90, 22.90, 'SEK', 'Receipt', 72),
('2026-03-28T10:50:55.745Z', 'Lök', 'Gullök i nät 1kg', 'Add', 1.00, 14.90, 14.90, 'SEK', 'Receipt', 72),
('2026-03-28T10:50:56.745Z', 'Mjölk', 'Mellanmjölk 1.5% 1L', 'Add', 2.00, 14.90, 29.80, 'SEK', 'Receipt', 72),
('2026-03-28T10:50:57.745Z', 'Smör', 'Svenskt Smör Normalsaltat 500g', 'Add', 1.00, 62.90, 62.90, 'SEK', 'Receipt', 72),
('2026-03-28T10:50:58.745Z', 'Kaffe', 'Mellanrost Bryggkaffe 500g', 'Add', 1.00, 54.90, 54.90, 'SEK', 'Receipt', 72),
('2026-03-29T09:50:44.745Z', 'Lök', 'Gullök i nät 1kg', 'Remove', 1.00, NULL, NULL, 'SEK', 'Manual', NULL),
('2026-03-29T09:50:44.745Z', 'Olivolja', 'Extra Virgin Olivolja 500ml', 'Remove', 1.00, NULL, NULL, 'SEK', 'Manual', NULL),
('2026-03-29T09:50:44.745Z', 'Ris', 'Jasminris 1kg', 'Remove', 1.00, NULL, NULL, 'SEK', 'Manual', NULL),
('2026-03-29T09:50:44.745Z', 'Formfranska', 'Ljust Rostat Bröd', 'Remove', 1.00, NULL, NULL, 'SEK', 'Manual', NULL),
('2026-03-30T09:50:44.745Z', 'Lax', 'Färsk Laxfilé 4-pack', 'Remove', 1.00, NULL, NULL, 'SEK', 'Manual', NULL),
('2026-03-30T09:50:44.745Z', 'Toalettpapper', 'Toalettpapper 8-rullar', 'Remove', 1.00, NULL, NULL, 'SEK', 'Manual', NULL),
('2026-03-30T09:50:44.745Z', 'Ärtor', 'Frysta Gröna Ärtor 500g', 'Remove', 1.00, NULL, NULL, 'SEK', 'Manual', NULL),
('2026-03-31T09:50:44.745Z', 'Gurka', 'Svensk Gurka', 'Remove', 1.00, NULL, NULL, 'SEK', 'Manual', NULL),
('2026-03-31T09:50:44.745Z', 'Korv', 'Falukorv 800g', 'Remove', 1.00, NULL, NULL, 'SEK', 'Manual', NULL),
('2026-03-31T09:50:44.745Z', 'Morot', 'Morötter i påse 1kg', 'Remove', 1.00, NULL, NULL, 'SEK', 'Manual', NULL),
('2026-04-01T09:50:44.745Z', 'Morot', 'Morötter i påse 1kg', 'Remove', 1.00, NULL, NULL, 'SEK', 'Manual', NULL),
('2026-04-01T09:50:44.745Z', 'Ärtor', 'Frysta Gröna Ärtor 500g', 'Remove', 1.00, NULL, NULL, 'SEK', 'Manual', NULL),
('2026-04-01T09:50:44.745Z', 'Kaffe', 'Mellanrost Bryggkaffe 500g', 'Remove', 1.00, NULL, NULL, 'SEK', 'Manual', NULL),
('2026-03-31T09:50:44.745Z', 'Knäckebröd', 'Husmans Knäckebröd', 'Add', 1.00, 18.90, 18.90, 'SEK', 'Receipt', 73),
('2026-03-31T09:50:45.745Z', 'Kycklingfilé', 'Färsk Kycklingbröstfilé 1kg', 'Add', 1.00, 119.00, 119.00, 'SEK', 'Receipt', 73),
('2026-03-31T09:50:46.745Z', 'Ärtor', 'Frysta Gröna Ärtor 500g', 'Add', 2.00, 19.90, 39.80, 'SEK', 'Receipt', 73),
('2026-03-31T09:50:47.745Z', 'Lax', 'Färsk Laxfilé 4-pack', 'Add', 1.00, 99.00, 99.00, 'SEK', 'Receipt', 73),
('2026-03-31T09:50:48.745Z', 'Ägg', 'Ägg Frigående 12-pack', 'Add', 1.00, 34.90, 34.90, 'SEK', 'Receipt', 73),
('2026-03-31T09:50:49.745Z', 'Smör', 'Svenskt Smör Normalsaltat 500g', 'Add', 1.00, 62.90, 62.90, 'SEK', 'Receipt', 73),
('2026-03-31T09:50:50.745Z', 'Hushållspapper', 'Hushållspapper 4-rullar', 'Add', 1.00, 39.90, 39.90, 'SEK', 'Receipt', 73),
('2026-03-31T09:50:51.745Z', 'Lax', 'Färsk Laxfilé 4-pack', 'Add', 1.00, 99.00, 99.00, 'SEK', 'Receipt', 73),
('2026-03-31T09:50:52.745Z', 'Knäckebröd', 'Husmans Knäckebröd', 'Add', 2.00, 18.90, 37.80, 'SEK', 'Receipt', 73),
('2026-03-31T09:50:53.745Z', 'Kaffe', 'Mellanrost Bryggkaffe 500g', 'Add', 1.00, 54.90, 54.90, 'SEK', 'Receipt', 73),
('2026-04-01T09:50:44.745Z', 'Pasta', 'Spaghetti 1kg', 'Remove', 1.00, NULL, NULL, 'SEK', 'Manual', NULL),
('2026-04-01T09:50:44.745Z', 'Kycklingfilé', 'Färsk Kycklingbröstfilé 1kg', 'Remove', 1.00, NULL, NULL, 'SEK', 'Manual', NULL),
('2026-04-02T09:50:44.745Z', 'Ris', 'Jasminris 1kg', 'Remove', 1.00, NULL, NULL, 'SEK', 'Manual', NULL),
('2026-04-03T09:50:44.745Z', 'Kycklingfilé', 'Färsk Kycklingbröstfilé 1kg', 'Remove', 1.00, NULL, NULL, 'SEK', 'Manual', NULL),
('2026-04-03T09:50:44.745Z', 'Mjölk', 'Mellanmjölk 1.5% 1L', 'Remove', 1.00, NULL, NULL, 'SEK', 'Manual', NULL);

INSERT INTO Inventory (ItemName, Quantity, Category, LastPrice, Currency, UpdatedAt) VALUES
('Lök', 11.00, 'Frukt & Grönt', 14.90, 'SEK', '2026-03-29T09:50:44.745Z'),
('Mjölk', 12.00, 'Mejeri', 14.90, 'SEK', '2026-04-03T09:50:44.745Z'),
('Lax', 4.00, 'Kött & Fisk', 99.00, 'SEK', '2026-03-31T09:50:51.745Z'),
('Banan', 12, 'Frukt & Grönt', 24.90, 'SEK', '2026-03-28T10:50:44.745Z'),
('Pommes frites', 4.00, 'Frysvaror', 29.90, 'SEK', '2026-03-25T10:50:44.745Z'),
('Pasta', 13.00, 'Skafferi', 24.90, 'SEK', '2026-04-01T09:50:44.745Z'),
('Fiskpinnar', 1.00, 'Frysvaror', 34.90, 'SEK', '2026-03-28T10:50:45.745Z'),
('Krossade tomater', 8.00, 'Skafferi', 11.90, 'SEK', '2026-03-19T10:50:46.745Z'),
('Havregryn', 7.00, 'Skafferi', 16.90, 'SEK', '2026-03-28T10:50:51.745Z'),
('Ärtor', 2.00, 'Frysvaror', 19.90, 'SEK', '2026-03-31T09:50:46.745Z'),
('Formfranska', 16.00, 'Bageri', 22.90, 'SEK', '2026-03-29T09:50:44.745Z'),
('Kycklingfilé', 1.00, 'Kött & Fisk', 119.00, 'SEK', '2026-04-03T09:50:44.745Z'),
('Knäckebröd', 26.00, 'Bageri', 18.90, 'SEK', '2026-03-31T09:50:52.745Z'),
('Gräddfil', 14.00, 'Mejeri', 12.50, 'SEK', '2026-03-28T10:50:48.745Z'),
('Tomat', 12.80, 'Frukt & Grönt', 39.90, 'SEK', '2026-03-02T10:50:51.745Z'),
('Yoghurt', 11.00, 'Mejeri', 22.50, 'SEK', '2026-03-28T10:50:46.745Z'),
('Äpple', 8.80, 'Frukt & Grönt', 29.90, 'SEK', '2026-03-18T10:50:44.745Z'),
('Rågbröd', 12.00, 'Bageri', 26.90, 'SEK', '2026-03-28T10:50:49.745Z'),
('Kaffe', 10.00, 'Skafferi', 54.90, 'SEK', '2026-03-31T09:50:53.745Z'),
('Hushållspapper', 2.00, 'Hushåll', 39.90, 'SEK', '2026-03-31T09:50:50.745Z'),
('Bacon', 21.00, 'Kött & Fisk', 14.90, 'SEK', '2026-03-22T10:50:44.745Z'),
('Gurka', 14.00, 'Frukt & Grönt', 15.00, 'SEK', '2026-03-31T09:50:44.745Z'),
('Potatis', 19.00, 'Frukt & Grönt', 29.90, 'SEK', '2026-03-24T10:50:54.745Z'),
('Olivolja', 2.00, 'Skafferi', 69.90, 'SEK', '2026-03-29T09:50:44.745Z'),
('Ägg', 3.00, 'Mejeri', 34.90, 'SEK', '2026-03-31T09:50:48.745Z'),
('Morot', 7.00, 'Frukt & Grönt', 12.90, 'SEK', '2026-04-01T09:50:44.745Z'),
('Smör', 8.00, 'Mejeri', 62.90, 'SEK', '2026-03-31T09:50:49.745Z');

